,index,Path66,Path46_SCE,Path61,Path42,Path24,Path45
0,0,1175.4501468144206,2403.21478035243,1751.2489502506728,187.9744495930196,0.0,0.0
1,1,1191.844627283323,2370.040460911171,1312.1765162294853,238.85562371837025,0.0,0.0
2,2,1267.4701288334347,2432.7266904973667,1531.769599519461,377.61266401872587,0.0,12.612404743538313
3,3,2570.1575926340342,2228.2406680998083,1422.4924944773354,246.3608081076479,0.0,0.0
4,4,2045.241258276248,2081.2952763357325,1286.1355614699046,368.53834342719216,0.0,0.0
5,5,2361.5459644748207,2362.3899652939645,1473.4516943082074,331.23568028646196,0.0,73.65825726265373
6,6,2419.1736775126874,1965.1518786086651,1285.283159239715,221.37848087191392,0.0,0.0
7,7,2033.5283455458048,1962.940741788493,1369.1573361084345,392.9724144740815,0.0,0.0
8,8,1314.0460454932902,2262.286808418069,1684.7536278921561,322.39810431076023,0.0,0.0
9,9,727.404653264422,2511.94086853893,1726.3436378057315,290.8465155369265,0.0,0.0
10,10,1223.9964874431018,2591.0878469565655,1798.5114852027955,246.2408589009881,0.0,0.0
11,11,1068.2536801593828,2631.922466503553,1942.3689388680912,283.5863432032977,0.0,0.0
12,12,611.2001934192608,2270.1939983374878,1707.4204844914075,418.97976271625816,0.0,35.75557009733255
13,13,1230.0144850094666,2471.256750716486,1354.0824234098427,243.71219443405747,0.0,90.53053880080142
14,14,1752.649078408027,2410.1984081132696,1551.2152181367935,220.3485598305136,0.0,13.261379427820618
15,15,1283.5449454233794,2368.5515802806353,1684.2134758417474,382.88298656901225,0.0,36.246706996736776
16,16,1491.016944037107,2224.4545112233754,1524.8809737780227,217.35626626857342,0.0,0.0
17,17,2136.912831404286,2613.022264816849,1410.2393015618854,379.34259453586253,0.0,0.0
18,18,2585.587768248171,2229.6979391545974,1458.2736522602015,229.2229139959137,0.0,0.0
19,19,2002.449569512751,2319.165771186558,1307.315132484404,210.6564977911476,0.0,69.03947539877927
20,20,1979.4349998117925,2295.119772913544,1139.259493374558,225.5064958844935,0.0,25.97063074709186
21,21,2554.107254012358,2330.7675746176237,1176.6249540760193,345.8218474380227,0.0,0.0
22,22,2476.7548586809257,2315.362602309422,1236.942907167486,236.72408322988488,0.0,0.0
23,23,3635.196780025986,1983.1041897574148,820.7645953367453,183.4349313980386,4.6067406266393895,0.0
24,24,1991.726554520275,2342.9443195832955,759.27431529717,229.2999349682613,0.0,0.0
25,25,2187.287031490377,2437.719308108868,812.9252349130359,195.90477296221005,0.0,54.80227364667926
26,26,2183.133130535232,2263.4495577540365,1113.0817042733672,216.47880455978898,6.209100826540105,113.46740162339918
27,27,2315.551957753587,2093.7636022849083,959.3420781368764,186.86492753439663,0.0,66.56028309827633
28,28,1949.8676192998544,2335.627984445133,1346.8049680596432,215.26539155322757,0.0,33.988720566762865
29,29,2647.085018076177,1901.350939790433,1298.4084913344698,212.86564972509083,0.0,0.0
30,30,2902.0038661651024,2100.6247040075677,1483.038000237086,194.8563416533582,0.0,0.0
31,31,2272.524728045435,2214.724582117704,1565.9244308139755,302.9418783375058,44.72602267795577,20.91583435977087
32,32,0.0,2192.433353154671,1203.7809996002757,61.682055597136916,29.92437157927759,53.51244275273506
33,33,0.0,2184.2697841202234,1356.7383320444005,220.08241900584432,0.0,60.64885966124368
34,34,1618.9241007999176,2459.4401734736775,1410.4237256536019,303.92635490526385,67.89321900574473,148.4565303623649
35,35,1648.5375453468603,2398.135852296828,1423.6807852502302,283.4548154973978,44.90204220676678,0.0
36,36,1598.9021238389078,2096.141701146975,1510.0145383138172,267.18141348835786,45.05344141524839,0.0
37,37,2016.8651919190986,2525.2533024104914,1541.2091666449476,214.4238843060584,34.06758622625553,31.855015792720717
38,38,2361.301500243158,2710.2115606222374,1215.3682161212516,226.25976401264188,44.6853189650015,79.98237289165198
39,39,2761.912253396524,2583.942541328912,1292.4892527590075,214.75839514747898,1.8851155504133104,76.65222262311063
40,40,2683.601040332998,2222.5349658300956,1235.3615012952434,248.61278609894558,0.0,36.58091968145022
41,41,2565.7666212871145,2485.9250390535894,1298.3323012609117,243.11975677162928,40.69693352241235,85.83585378485056
42,42,1472.0257719750464,2519.6681025269572,1349.7480444152645,197.2917198905193,56.6651306388398,0.0
43,43,2018.1208172919828,2590.2515211339546,1645.1384954217413,188.00328530781434,36.93692817802904,41.40435483886446
44,44,1842.089920029789,2513.288292109144,1410.7848253035818,231.64709303492526,39.74704817042719,0.0
45,45,2335.312654842824,2670.117914443409,1467.7902557043963,377.6155731264285,18.322302224409366,0.0
46,46,2061.780234853705,2484.3171058042876,1617.4227877123853,254.3420326632462,36.18313365146349,35.46956724500695
47,47,1904.1790371613047,2350.22137169183,1967.7242099818952,235.26085591793202,29.36055473295837,123.6018655381597
48,48,975.5451940704116,2749.0102007787305,1617.9437674885035,168.23054916062094,19.656451303111364,48.400641239797906
49,49,1536.5660298946507,2797.646382733088,1733.9028779216126,196.6431045293724,33.346597294436286,13.818710226983118
50,50,1127.991488239081,2803.019798338,1433.9159874248846,217.06524984661647,39.062236600183866,3.913663425852615
51,51,1064.8077814676444,2814.280956010785,1617.7823768578887,208.7799700161144,14.331190517920508,54.02263160801969
52,52,1099.6795137888903,2731.522298709203,1726.2087629136468,252.52347965624642,46.847762226796895,45.49583499141595
53,53,1721.294701561034,2744.3616771496477,1318.2140801045805,243.31140288101517,30.904153872379442,25.11817201254111
54,54,1605.8728870481873,2430.3267531390593,1419.7241138513416,327.8621416162931,28.60127941556397,138.16465032131555
55,55,1065.5084480680769,2225.558586623424,1409.6654559928434,240.25171048241,25.337850016136727,50.32311983143809
56,56,1300.8220083287254,2288.835458403796,1631.550947167737,327.1831482476884,28.843810715659,23.616755097599697
57,57,1741.341938362379,2027.6077066204166,1673.3066355208607,265.40894118394556,32.955599321149286,117.66542170564291
58,58,2400.9999412756233,2159.954326225244,1359.9694367604015,331.05295982840823,45.864365549975155,5.9561306201220985
59,59,1288.0202075580873,2213.924167667037,1126.0928530428034,0.0,0.0,152.45559403597474
60,60,1527.9883696968222,2135.887872434817,1504.891599396349,0.0,0.0,108.17252977022177
61,61,1117.7444267225771,2178.0220963142647,1350.5643290354635,0.0,0.0,147.86431098421468
62,62,1018.2184531262959,1914.5001668077477,1710.420802543936,0.0,0.0,148.8697054085196
63,63,991.9679956420836,1965.2014316035331,1512.9072084482398,235.5033859800378,0.0,114.89967146498114
64,64,1420.390660234232,2452.867203204875,1328.5440905405646,0.0,0.0,47.378691689338176
65,65,1498.7394228445144,2539.435900407766,1827.9202072653022,56.26006647987155,0.0,45.7900932495114
66,66,827.6243020815155,2951.629810927557,1546.2382301934686,0.0,0.0,105.70879498461956
67,67,1776.3166232584674,2483.2009899075115,1901.9702599658624,0.0,0.0,71.31569755160784
68,68,1197.5450574766535,2400.342504262807,1877.968748138443,0.0,0.0,205.2428630774892
69,69,3359.340004600145,2782.658764077279,1839.6884291260164,122.64740828074932,9.769377709436464,271.4784760472457
70,70,1974.3221187235763,2757.5267902607548,1831.3436000745974,55.34335056399543,0.0,160.33088221695778
71,71,2537.242912321833,2653.4784765653435,1663.9138527756468,83.77209626604717,0.0,144.04014721939342
72,72,1526.9840298906925,2853.1885370120676,1261.5019302172434,27.13153502343965,0.0,97.70503866624813
73,73,1556.267871229577,2905.8197434965255,1865.3753512758096,0.0,0.0,33.222693377116734
74,74,2065.208044218287,2943.968063563863,1937.73171895368,42.48966633174058,0.0,124.16619583101021
75,75,2165.5880947920778,2630.9512136401704,2030.8462731309826,37.49433743333785,0.0,192.7097166004482
76,76,1465.4348954555344,2562.270876808039,1310.4276376019502,84.38157537836415,0.0,126.2403596356013
77,77,2987.563611425501,2402.1299066114852,1910.4944223567602,32.149162064178114,0.0,201.0505689309127
78,78,1158.1370150065345,2624.2010337290913,1321.0920599085036,84.6066384529465,0.0,82.89880155530622
79,79,2130.9283443812287,2428.4150469219294,2002.1160721563208,5.153862572514392,0.0,120.56435192625031
80,80,3732.0366621443536,1072.2251160748356,1731.6064282140844,0.0,0.0,106.08666572379049
81,81,3014.610531364323,2744.401955039216,1707.2804565161166,109.46650679996988,0.0,203.61161733685074
82,82,1515.720421232587,2287.6406543760904,1802.6066511202648,34.17179781245155,0.0,157.53840629991112
83,83,334.63177976002703,2272.2553523620486,1477.0584453299334,0.0,0.0,60.970061552698525
84,84,819.0018023715468,2504.945355032365,1881.9232466637995,0.0,0.0,71.11755626005177
85,85,1033.5593182358064,1968.6154606846733,1399.5999078465934,15.871680005921291,0.0,118.9215152757136
86,86,2537.9065560950817,2185.0629834019614,1385.1365195085668,128.80880187842223,0.2882301848479223,182.48742681344052
87,87,2183.8940473806606,2178.4595327876623,1406.7973424896766,21.37483747048043,3.6966055988188655,189.27557752521926
88,88,4147.978691792112,2256.4922795833318,1633.9649777779043,191.48278469144142,0.0,0.0
89,89,2448.1653144001,2476.5771167250996,1069.5176206808953,0.0,0.0,212.0937609053876
90,90,2321.814247165107,2565.732906872265,1266.5956558598689,227.8566475332936,67.51130397255065,0.0
91,91,1183.2503885961364,2161.533103327776,1201.8811954420967,229.9272530925119,40.103840443509625,0.0
92,92,1203.31115856922,2598.847574905843,1172.7658783960615,229.59143595456445,55.06992149812326,38.01344709727324
93,93,1970.2282655974645,2977.235509138678,1188.5033862569271,195.92066758333732,17.70766262285362,0.0
94,94,1674.3524374831668,2741.545990409862,1204.5676575235075,198.85331850852387,3.038625658202985,0.0
95,95,1472.9393433514729,2982.4288534114926,1255.9258306242484,0.0,0.0,44.22622634260252
96,96,1098.47479821533,2064.095925952279,1271.2240336964253,197.54020197488208,28.83229298725551,0.0
97,97,2451.7461904403267,1979.4049468547933,1195.7625081303574,242.57582057898887,68.5305008528381,169.49745490337438
98,98,1340.7169963840633,1792.281762699296,277.0775194668034,223.03782681438014,57.952625114665445,0.0
99,99,1359.2495514786135,2137.490572012325,1365.078035892196,203.73056438976738,54.868443157888784,0.0
100,100,2471.687522435528,2188.4690213537033,324.8111522740708,244.19646382662427,0.0,0.0
101,101,406.8050296436686,2424.3511696087307,1279.1419634319395,0.0,25.815591243386173,0.0
102,102,980.2513395863997,2187.496351600613,1192.7341005148235,239.71914902636416,42.82333896070715,0.0
103,103,936.5078885276663,2096.863615066125,253.31101377959638,231.63465888117864,45.93662258612403,0.0
104,104,2985.5631849569804,2229.290564190742,1234.375359844493,215.28224037601842,0.0,0.0
105,105,2111.637752940548,1935.6240752799351,1399.3806735162577,224.75095458451386,0.0,0.0
106,106,1476.6919104324204,2026.11364143428,1167.281891008351,212.07517547170585,70.62069489917178,0.0
107,107,2022.0530168475534,2125.8502797098254,1274.176861676626,250.5119884616746,0.0,0.0
108,108,1732.1951728424897,2348.232415222322,1368.9118670345545,208.86342566720637,39.02708683275881,0.0
109,109,1953.3374600304865,2383.567200710986,1351.3608774432505,259.8256959215787,5.399617903229842,0.0
110,110,3765.2548884321614,2330.5039097703816,1399.5519615855187,211.40638873000958,0.0,0.0
111,111,1283.7380768530868,2620.387957908987,1279.7179277785392,240.78175646167327,11.02444454013217,0.0
112,112,1725.2006692022865,2343.239032651385,1309.416390168035,252.63921254626166,1.060034453319762,1.8228493682436664
113,113,1624.2237268946133,2640.11680033463,1243.0985512053285,253.32156804178436,0.0,64.24970049940404
114,114,3136.148341480656,2854.6683768451267,1284.483393062637,276.71487957718233,0.0,0.0
115,115,1863.4955448976534,3083.7381113443057,1333.1696197797776,185.69671074530262,25.466479527278636,60.13305711667344
116,116,2044.976197067696,2757.2590185044805,1242.995510128828,238.31460679532447,26.225485050942112,44.614313529176734
117,117,3331.3224855998333,2346.505759308313,1285.9652569840573,210.35398039232564,0.0,0.0
118,118,3209.737792380532,2537.510565587037,1275.508092591319,200.33291764467046,0.0,0.0
119,119,2634.7935079568783,2722.3918024732448,1335.7658427587326,208.87965076823562,0.0,0.0
120,120,1118.892722203094,2444.108393079171,771.5715466171408,234.4216387237609,53.38645988263923,0.0
121,121,1018.0386999208447,2982.1681209821136,220.40242489029217,303.05301773365875,15.923307472505073,54.40490413977508
122,122,2342.3884802151692,2876.6471685509055,1121.2039181795842,377.8882118083392,35.033413249818864,182.7597981328831
123,123,1129.6595026355424,2817.654276247082,1473.6246917554324,322.761892532205,29.08496817079121,25.837303269580218
124,124,2562.758728400472,2720.3517690158674,1182.0722950427726,248.59634680326496,0.0,3.789427652672956
125,125,0.0,2930.9114885715844,1385.9915932140325,238.74652858317987,0.0,55.76929733675618
126,126,2003.2880358361206,2855.8498509372193,642.0317370828618,234.01787768211028,78.67599451211818,0.0
127,127,2509.7513166735675,2383.7334446309364,1272.7135832147558,238.0935847931541,0.4666101121026998,81.58918357980234
128,128,2876.392745763683,2980.358394144636,634.5762753435117,270.56777118915545,49.18803966805092,146.42799282469844
129,129,2831.9352373447045,2545.0806628621804,533.5572678175798,337.90802894030736,26.6142603125108,107.04098472826999
130,130,3542.575631504125,2358.6239978108197,1184.2471341789706,208.63334443688257,47.61641436939959,271.154771787615
131,131,3248.2936341764616,2658.7962016878946,189.2988367645292,194.68748846525799,61.3039173550654,288.3407032446864
132,132,2692.497659583443,2283.0142569607115,465.48374947990897,202.56812633071246,0.0,148.09283473654855
133,133,3710.273718477697,2340.5909328318085,1382.961556957013,383.3227146571834,0.0,140.71991962323565
134,134,3260.384717186517,2223.689726403814,1348.2282869177445,365.1347241303909,0.0,22.752035560364998
135,135,3574.5153937312075,2470.5795540178424,1215.1412436656713,255.1637653278964,0.0,187.37723501993804
136,136,3988.6075268066775,3054.714652941874,1340.9308165735742,297.76737295170034,54.736086172985246,161.4247581691836
137,137,3677.344989957292,2600.9637752003223,1375.7162472017276,182.65592100967356,0.0,44.11121440979968
138,138,3613.047271843181,2468.0773360381045,1217.1947096611175,299.5548276258503,0.0,189.47854232212555
139,139,3640.876736865439,2189.4561481755118,1229.2922305710335,260.13340015189027,0.0,103.30529553016471
140,140,2875.5569539797584,2198.4925661983525,1220.5160422478225,146.91265443788998,50.984432423136404,90.14847818221851
141,141,3447.952064104972,2150.565615987415,1237.9282474716758,302.55606216915726,75.64076650428396,188.00279194322457
142,142,3142.964797924791,2601.4789799873024,202.5281165311146,180.6288237664381,0.0,172.0081037670932
143,143,3518.903221940157,2540.0158881357734,1264.910537370189,144.76639194102162,0.0,122.45628843701854
144,144,3414.7496944828235,2489.649704229795,1332.412103629617,302.73403636220365,10.12248032290001,94.22818186126041
145,145,3925.2931844264913,2170.775881489235,1377.4165973269053,272.6140709408111,50.974662305917256,151.71493732503558
146,146,3802.966028202613,2366.583312151617,1276.6215570027355,232.13442724960026,0.0,72.78952787070955
147,147,2757.211783873003,2046.767234107714,1338.1555693718876,188.78318299097103,0.0,81.34974090545353
148,148,3381.0677331701154,2159.0847232479264,1122.6900282216807,404.9714459603152,1.66630052528323,297.1551537998996
149,149,4022.7957576087374,2132.189682236924,1269.612851226846,149.6735887807127,42.93404348485764,148.15080205633126
150,150,3199.229534641224,2384.875965746172,554.3316007489409,373.8741896748771,45.34952415388418,104.22571373254878
151,151,3414.7651158747817,2112.673723749912,1114.4588658303792,293.2790056515455,63.47524217916477,0.0
152,152,3305.645010511942,2181.8366140351854,1249.4519449693018,325.0840410365498,0.0,0.0
153,153,4329.238769138873,2115.3384782763824,1320.9028674149033,217.7721012302539,0.0,0.0
154,154,3556.7994930691557,2111.986239720861,1253.2792370011073,224.14015089196616,0.0,0.0
155,155,3353.1704017931597,2168.6407850138767,1215.1814265316796,203.8946947988613,51.486219236945246,0.0
156,156,3110.6496419432256,2396.390309460192,1105.238203424307,256.0960179519707,40.740849347562495,0.0
157,157,3369.7219178774885,2171.565512345157,1225.8262426061415,240.81956213777573,45.89867269666918,0.0
158,158,2824.0992177543194,1567.3046819813321,1263.9229753711227,198.80052497766783,41.36604097033256,0.0
159,159,3353.7380546179775,1778.6603385817682,1355.0566491482045,216.8078574178302,69.36306391688028,0.0
160,160,3893.30102220385,2537.4316825208257,1416.1379955382804,243.16748410468531,0.0,0.0
161,161,3219.9295318889604,2262.510280269883,1334.531319271403,241.23527208110667,0.0,0.0
162,162,3861.252817678689,2456.230364064523,1296.973035491204,154.5386609720121,5.985350294056783,0.0
163,163,4246.472424738525,2377.1463549313858,1433.917114406308,190.80614225462364,0.0,0.0
164,164,3247.6808013880914,2683.1446925658615,1238.216445280862,260.56233112188204,0.0,0.0
165,165,3094.0770573504456,2556.1796602400163,1323.7686387604258,171.8709731355701,0.0,0.0
166,166,3021.560781119012,2400.544242616185,1013.7174596848844,135.91055965954212,0.0,44.498596411891384
167,167,3620.826875070035,1872.8619287058718,1281.7257637896448,129.70123509420037,0.0,22.709114324537467
168,168,3411.7036068683396,1896.67197961924,1338.8051478960786,132.07991534794795,0.0,50.45941673540944
169,169,3541.1792725835717,1910.5679414816689,1285.5554455688678,111.58863549658787,81.46918989503969,38.04590939134369
170,170,2916.142972615237,2071.88792368418,1460.5490760307819,264.2811305765118,26.449972580032806,0.0
171,171,3642.401878143161,2153.072064544177,1329.8701524325627,241.5333382939933,28.78843359889901,0.0
172,172,3681.92296207168,1974.1055327414324,1316.3748431258048,311.58135815069267,0.0,97.2308470571336
173,173,3805.167618790102,2214.484699526754,1332.6822112512373,286.8491037501069,68.90310403585447,0.0
174,174,2835.4110680083168,2089.7881222684464,1273.2306938440915,146.796911856402,47.963697082704655,0.0
175,175,2799.902095789745,1616.855932799688,1114.6708369467353,174.87323325811693,61.975977330957754,0.0
176,176,2699.653953130584,1576.090343259525,1316.963426062121,203.01767898428247,30.91615712717705,0.0
177,177,2929.2209142479496,1976.633035043658,1234.0634766583667,239.3681627232428,15.281128247752529,0.0
178,178,3477.174247354853,1988.3591521582969,1348.6361181237382,238.28019327974513,59.974262222997076,0.0
179,179,2490.698258168393,2443.9146998928863,1229.5967209071416,240.61043431050103,0.0,0.0
180,180,2784.299446048871,2170.4103393710466,1107.4934087788297,210.5270095445048,0.0,0.0
181,181,3459.60591765474,2096.936820045994,1261.1627575121022,383.39676704224365,0.0,0.0
182,182,2830.7422152006866,1996.3533444284944,1269.22113079061,269.9350616823532,0.0,0.0
183,183,1575.1359015562784,1237.2128378314428,1220.375073385659,330.6624872060308,0.0,0.0
184,184,2619.720999147005,1848.4466710389643,1304.6649388535354,369.7703244079824,0.0,0.0
185,185,2336.189865294888,1902.0399232716684,1349.0570320381391,410.14128174930914,0.0,0.0
186,186,3599.267345062417,1978.85016591969,1075.970682418865,212.66216925434617,0.0,0.0
187,187,2696.002820030355,2105.583720957245,1137.4848427794086,384.5420111990305,0.0,0.0
188,188,3289.718523836273,2531.5690094939864,1241.5325954152515,382.6109327689247,0.0,0.0
189,189,3484.38070144658,2640.9398356167376,1370.2485110666873,369.1740607083212,0.0,0.0
190,190,3852.7318928440204,2753.6318340101802,1263.5187887505522,222.2967886228416,0.0,0.0
191,191,3341.561140220973,2161.4862945791474,1261.279998720332,209.78885725266983,0.0,0.0
192,192,2131.4055463878008,1928.9988576931034,1259.6634961893355,219.92231702183116,0.0,0.0
193,193,2084.6822561726326,1633.7640107575337,1440.2647974206184,225.87698619118228,0.0,0.0
194,194,3050.0844740089783,2137.2699590670454,1305.9186186831696,367.21628189795507,0.0,0.0
195,195,2693.4814591099757,2360.915637597189,1397.9420195687803,337.0494595966224,0.0,0.0
196,196,2917.4643242810976,2381.7767070319323,1418.2153613196915,261.3195975403845,0.0,0.0
197,197,3142.302876086825,1873.6965936689016,1150.575367397364,391.2110128342202,0.0,0.0
198,198,2796.152074428206,2122.1062090057617,1208.3831795975912,259.97734286442534,0.0,32.979327089128184
199,199,3166.829421559935,1797.6217756611488,1216.869069875841,366.42155349285713,0.0,0.0
200,200,3361.0570336298656,2313.5400508115963,1140.836714686938,247.55978230003376,0.0,0.0
201,201,3255.912146011738,2150.9318113576214,1384.9642223492872,244.79976299480583,0.0,0.0
202,202,3341.6828602846394,2141.5224509673235,1280.006792023677,207.29464881553662,0.0,0.0
203,203,3064.7716047041527,2145.789375458441,1081.2198972000224,207.47392334570927,0.0,0.0
204,204,2730.060952863582,1977.3984114015843,1374.553487457585,190.89420255766262,0.0,0.0
205,205,2229.485435854575,2095.2194658233366,1287.9038973458814,258.3877850172928,0.0,20.032931644050905
206,206,2586.082689256841,2098.9625722087094,1395.3792883036047,357.52005915590433,0.0,0.0
207,207,2788.275399480225,2534.890057777067,1417.1632060617687,219.35398974048854,0.0,0.0
208,208,3090.408449505855,2520.6450299170447,1227.692019166595,269.96624542589143,0.0,0.0
209,209,2246.9981135159187,2628.5402516294253,1183.6126614716009,354.50223767628813,0.0,0.0
210,210,3324.2673343390493,2364.459702607455,1304.8399581050498,207.99806233035503,0.0,0.0
211,211,2838.435392586596,2395.3781927367836,1154.098302410339,203.6001503952138,0.0,0.0
212,212,2255.1297386594033,2862.8881270742227,932.2830326814302,199.59024292837825,0.0,52.93235072217988
213,213,1818.3834741101307,2788.221061941485,962.470910712756,211.67760973448063,0.0,0.0
214,214,1893.402415200684,3210.0975960806636,1038.7316962932384,191.86005462982482,0.0,37.764255336032846
215,215,2311.0294678140713,2637.326275437967,498.8843812449694,270.0366984062389,18.793621544666788,80.19740319958862
216,216,2508.797725414034,2836.540077383942,326.83259805230597,281.91997369283666,51.979672777566606,219.65871836210982
217,217,2304.194345348016,2755.58555422254,682.5985910798238,314.8524900624409,26.799534612072158,147.5957649063104
218,218,1882.7591915056478,2874.7373086788243,948.5394961659107,266.12690024584407,0.0,105.73539636919209
219,219,2392.4619965495795,2813.029087600701,568.7093149078821,261.6280521469789,0.0,86.8557409694327
220,220,2380.2152467915544,2935.306492698691,559.9019773068595,138.08216021188193,25.196696375905073,134.67516445054278
221,221,2638.5095825925114,3007.8623480544297,483.25616989777734,277.572183490904,43.29382744478406,141.0280673503639
222,222,2921.962864812223,2751.3318845064996,684.772519444372,266.7845911121143,43.94127877687475,255.89891448484138
223,223,3185.113817098805,3085.612293328142,615.8313241015468,278.8342508289489,1.5730855971442532,126.4408538889787
224,224,2660.4427700469932,2904.88583334724,754.0724092277062,251.3021228238965,0.0,177.99135500175998
225,225,2364.210041166207,2546.3296885729487,1010.7482610203483,279.98545741033945,11.992119489698727,121.77385965491543
226,226,2572.134608725752,2575.8640845435634,886.5071974440648,225.77938541904686,56.70877572542357,75.61544543836978
227,227,2745.592749842015,2490.2557523258497,830.582500714008,367.67683976804864,0.0,26.913309040248585
228,228,2020.453737540215,2592.27280507003,608.602793584653,323.8823448626082,50.86283725025142,192.80519922656293
229,229,2630.897772884677,2583.4622487517568,734.0017018824808,322.00264198872594,54.62521721656128,219.64621644801556
230,230,3046.337795073812,2613.3443821122682,953.9608607377505,232.40335849583386,39.05690224533029,49.03291738142235
231,231,2583.551298507111,2890.3953644085714,1543.9806532373443,215.13390306518698,0.0,177.74289467716338
232,232,2592.7535250369738,2590.4238215971745,998.0302363324181,338.43789180829936,49.10488241944847,144.74374180625438
233,233,2469.7969917292235,2788.6645212000267,970.3257955717547,209.57519331036158,42.6371380502914,139.24171334236215
234,234,2162.7149658383696,2740.9702790665738,929.5021214974932,289.0043809236037,11.764235052133706,114.03244852317236
235,235,1723.7657775103607,2995.6323301949233,572.0032686946761,309.8650395447327,17.86378559314031,118.89833859685268
236,236,2683.837232805192,3253.2519299867504,651.7754371816447,252.19126578867454,9.731645106168816,142.93011352305604
237,237,2396.6821581041904,3274.1850244146035,421.8903700382472,204.4844181020992,11.942116719489588,178.37026139496703
238,238,1808.8785181757426,2931.12784943633,735.2454850709719,250.27610606896636,0.0,10.295050594333752
239,239,2072.770617346854,2605.8114786699466,742.9704346242174,251.38429710804425,0.0,170.00448930066102
240,240,1943.9795480040334,2921.728742397118,688.5810147819296,271.08950680079386,0.0,79.6320036660334
241,241,1620.4912310947686,2678.3359296847857,682.4684905604428,249.48664872585763,0.0,0.0
242,242,2707.8404547843365,2872.8574793562616,720.1293223957878,251.27025292525434,10.499408360139352,49.125754608309876
243,243,2131.336252030801,2665.465405026961,842.359317550643,152.04609165236133,0.0,211.77082589245438
244,244,2200.2685741377563,2612.720836507593,817.4596269811748,210.9340346835944,0.0,211.71335426889155
245,245,1649.5702020842627,2401.418534586349,956.8808729195456,237.7170606956605,0.0,172.5551961468692
246,246,2055.620813898709,2447.2625165375284,1097.825632163786,238.62637901507188,0.0,44.928329963144776
247,247,1323.2068290263476,2611.6493987966537,489.20278091873564,228.78152599111942,0.0,71.8363768685252
248,248,1584.8656215052893,2861.192139531397,717.8279359374212,177.2541780113545,0.0,205.3419447329066
249,249,1582.7026805731666,2895.4150300617735,760.2116295650769,261.4406860738295,0.0,201.53675366540813
250,250,1675.8909338055953,2635.968347062108,766.6777492965801,168.99873106409484,0.0,225.24020362795508
251,251,1926.709724970676,2672.138450823403,639.3007759637228,228.96823653340144,0.0,215.555815350375
252,252,1812.4470143158176,2725.4548397082,865.1729576259804,241.9500181981626,0.0,244.82407668149418
253,253,1933.7042816161304,2808.369795389686,1292.6510189609405,72.20721584343892,0.0,120.97257419569384
254,254,2157.452159870688,2508.9339179673725,761.688465285756,174.89909268890912,0.0,221.7295597715204
255,255,1321.1455335092928,2683.303154413793,558.8739290906823,273.8842789863869,0.0,195.34741430870952
256,256,1020.8166370683392,2704.509050781849,474.4763339999202,383.36787443218947,10.059204744981194,142.2911522529341
257,257,1884.9716175119559,3128.021337490084,1212.5037109437994,145.60148367198474,0.0,8.124211784760561
258,258,1310.5797184679284,2794.811179096891,698.3497892660823,65.30870412631478,0.0,304.627330078697
259,259,1838.9030424082835,2749.4959978104234,713.6679908998267,229.39347103943481,0.0,227.69900320521373
260,260,2322.304415608577,2905.298183902127,1105.1136589171174,170.86621538324763,0.0,193.51395740221312
261,261,2185.6956326247187,3332.6478855474434,1169.7492044070136,156.03868401516326,0.7271157175636027,223.43841009989228
262,262,2360.118301596965,3069.5239317826317,987.4024529121814,157.30089003534238,2.0933973455142296,167.12780084841725
263,263,1827.5383611467316,3172.2973448270204,624.1544497277722,270.14464729504857,0.0,283.9005078541716
264,264,1911.8640554936576,3107.578266783168,828.4825517625418,95.65581436680037,20.623624272136464,182.61723783353202
265,265,1192.4541847224145,3133.5215779133428,926.0327436337624,298.7387005709988,0.0,333.0331260620576
266,266,836.367315005464,2455.236955250453,670.9334856668937,380.0461222682172,0.0,250.7132491754512
267,267,1376.204458406129,2560.5664191523742,806.986519803196,319.83891932650624,0.0,180.41642486159103
268,268,971.6104072196359,2806.1970657424504,537.7580829427416,299.3972022721797,0.0,257.3611451937421
269,269,447.37306241544337,2966.6501091310706,1363.5806343484153,204.7096238294883,1.037754651023441,0.0
270,270,1793.0513822816574,3145.0095702886274,775.176874572277,321.44870411370437,0.0,270.032413891692
271,271,1604.8241415306588,2602.526237924444,594.3739159536856,164.3410439435761,0.0,238.9010840853416
272,272,1345.7022562786974,2427.0004955549466,760.5505329167032,205.24733460725705,0.0,282.9190517468329
273,273,2506.1106276665937,2502.5365908994913,1255.5618085128256,117.23185831558504,31.05655581231536,55.26708173639741
274,274,2327.144393261812,2399.6419056129826,1263.391463406418,233.96254493334118,52.801275465912354,4.730461400108297
275,275,2552.3471562770237,2968.0224951875725,1418.9739250074988,246.42505268354677,55.96352983090652,36.07222227442581
276,276,1756.6939377132176,3214.4354973102186,1245.1609348129325,282.04690678746954,49.74988075207902,251.0436128663769
277,277,2242.5819768516712,3001.1738886442736,1225.5540624428736,232.6231396374622,35.02923856400109,79.61549432123223
278,278,2499.242476302213,3111.9349620019593,1310.6341714151638,175.98908961628146,7.8684152219164885,46.084332320872534
279,279,1222.8753364627055,3075.443291792008,1366.5452315253233,132.2098681825688,15.048713277011421,0.0
280,280,2166.822261295568,2671.376147485283,1208.6990702663722,141.8114231374512,3.1307339389516,26.044238297016438
281,281,1932.6299582890847,2842.8394066049314,1276.5302537395175,123.88100222630597,8.584485056914726,25.192205948761746
282,282,2500.161276489157,2563.1835884141383,1463.0895921604467,264.76774291777576,23.75468708832964,54.588745113594044
283,283,1491.9261406343346,2598.971035319258,1163.744163996375,244.75175999300484,48.19227250997287,0.0
284,284,2889.6534171025587,2391.0977286272046,1236.1771626057116,197.35356500074428,24.608427212065674,52.26910161457537
285,285,2421.136543963013,2980.4941511753955,1258.4640315355525,138.9805925476383,8.774743543845705,72.51926985980225
286,286,2945.015169869179,2935.3494075118656,1314.5412018657014,229.99554358435876,31.224579140383558,0.0
287,287,2064.428949975754,2529.3953935828836,1303.2318756824484,263.43184287259044,55.56887203374762,36.33317305944718
288,288,1826.4134786616328,2125.2231835603334,1239.1304564048496,309.63063909363615,43.83714288978368,41.327199712397025
289,289,3520.3305902720513,2930.2955072023883,1299.2495787384887,227.7396272608421,28.040300918681996,0.0
290,290,2527.0499662026573,2531.4044531739637,1315.0961622326026,183.6033185684136,7.624545416660815,34.29201796344933
291,291,3785.749478645584,2844.1202219468555,1307.9238240472944,139.69970829057323,22.002441843867558,321.17532750207994
292,292,3707.927532076687,3244.561435295744,1330.8117936048122,150.92394106889574,46.485867142983075,14.1853716777917
293,293,2676.5747943453493,2736.8308515413546,1221.9276274193064,221.9066137270213,53.02003301245863,40.296827629684714
294,294,3755.6701390609637,3152.3309028993453,1297.5344403864833,317.14421768646633,66.3337618862635,43.52840068902797
295,295,3493.3391785129065,2908.2227801682707,1126.7589068956574,400.4795174436428,68.66080301901879,17.26831243214653
296,296,3126.9058297011434,2692.4085005712936,1403.7517259067765,400.1353279018018,58.765774071026364,21.496656086118776
297,297,1920.2101855909666,3357.6971909419726,1175.3541203556067,249.55292331933688,0.0,0.0
298,298,2750.862448916371,3010.8656856839625,1151.6665892086044,246.6829697077461,0.0,12.000549818986919
299,299,2244.302769233493,2519.1411236017575,1271.5321139814685,280.5350547956846,41.90134565389995,37.04817426090153
300,300,2279.5347331372864,2578.0950015650333,1317.5632756885975,265.1023188264608,15.974281907287814,34.77157066625127
301,301,2287.918817944388,2707.4324119686635,1381.8466581947164,375.8256402510086,0.0,68.72907274565605
302,302,2298.201712812452,2618.415938411729,1412.901733939127,386.76735262333983,46.54278369133999,37.1764141802071
303,303,2755.990582676121,3058.2906561403297,1420.5779536143689,355.23060936178877,66.85534304946779,22.42245470576484
304,304,1508.569663654625,3041.583045260472,1294.3527778792231,310.5814517448178,0.0,156.4066713493242
305,305,567.1114464947506,2639.7466669885916,1268.188516983196,277.0195958030697,3.771948139872745,0.0
306,306,1622.3850126525213,2459.830387983841,1211.3474299862144,249.02510137271068,0.0,100.44667142229635
307,307,3082.462487744325,2361.7902107327027,1527.7918236562089,291.5981985852557,0.0,54.887906041160974
308,308,2719.2810662105885,2656.4836394680206,1267.1383253825556,343.57400468222625,0.0,56.89808652489339
309,309,2849.4816137655625,2382.34365592222,1162.6231926301248,278.27304640934017,0.0,295.99308511099224
310,310,4170.105777026105,3454.4235857264616,1337.9355969868207,232.33874576357695,0.0,28.86775883048556
311,311,4099.175895988419,3183.653018416411,1273.7265526435665,219.68303381352618,0.0,41.7938033134417
312,312,1826.939136632568,2723.6493883851967,1284.3020428923849,387.04179083932814,0.0,106.59000409285528
313,313,1567.1896323582064,2628.814090531335,1364.1792559364185,386.44077288849195,0.0,15.631338930492607
314,314,1865.8195665846847,2484.0115775316553,1361.7277261969784,312.77867301292963,0.0,130.5252280074732
315,315,1256.5194065547341,2400.868744919495,1464.6974382933306,199.06391196086926,0.0,46.72169325711192
316,316,1561.6583840274714,2045.5666219058048,1410.1722248522274,202.6353706949961,0.0,129.0939044409054
317,317,1330.1553432521393,2515.61575902097,1222.9085735331598,272.2470361667256,0.0,53.52036631796033
318,318,1329.9840156845048,2715.419658009012,1283.0245733402396,279.6105021635617,0.0,89.40872744689268
319,319,972.4580272300792,2763.7856907767796,1821.358642950358,321.4019819879462,0.0,67.77045374648439
320,320,1297.4119886113094,2822.53663448455,2094.414739021344,337.37023198684733,0.0,189.06941140443084
321,321,967.0983084248303,2804.6202195067135,1949.0548416877625,289.1721235301231,0.0,115.48592398798391
322,322,1999.7970895339001,2551.666983755991,1003.6460171691533,307.78872382515317,0.0,117.72843581247399
323,323,2452.24158152783,2521.6286356604237,1998.9265680516792,265.22665458729875,0.0,282.9488172129873
324,324,1904.547239463428,3133.0593528143268,1359.9908593705486,314.38043414462777,0.0,253.10784802461532
325,325,1688.7579876237191,2583.1819894890396,1458.893701966336,230.11876659802016,8.778912314154248,178.79806073631835
326,326,2105.5769676566533,2922.143118296141,1253.5210368529229,229.2200924413237,0.0,248.7533170597244
327,327,1329.172978000144,2654.294214121338,1293.0733321115524,262.5684011124617,0.0,141.3004990940089
328,328,1360.4670368179336,2080.605404367003,1391.6647732194108,336.1625842833481,0.0,42.02537471955553
329,329,557.0887591459145,2470.399277400301,1462.5863746911764,294.81251898692074,0.0,82.48304395510533
330,330,512.2484804157709,2876.303304152493,1415.2054038761514,310.4453057239336,0.0,83.57840536157111
331,331,1182.9789758417492,2901.9320321231266,1334.9767937600525,255.8591210886757,0.0,142.95477106707546
332,332,748.743809431129,2831.2701456574905,1347.283004159582,242.16125147213214,2.692384587204764,97.78235603559584
333,333,1200.9531472936972,2713.8608009228637,1361.4115995966288,247.77479399045959,0.0,88.5383975781588
334,334,498.1681640766069,3082.073883813353,1110.0163915812395,297.0770725874527,4.763454035705877,263.98226591725086
335,335,1309.0504112401131,3077.704692696604,1173.9477076737408,256.7281060290858,27.319412722286657,285.0787665065429
336,336,2186.3066423366795,3035.430482221608,1250.2353551896977,185.0964596944851,35.113268159211394,0.0
337,337,2674.4960771103188,3274.376565273543,1278.130025120667,153.63110139438774,16.290355059776136,0.0
338,338,1392.8991245802988,3268.0254142164913,1247.7234572884074,307.39496930389805,36.51666744009971,65.32620114094837
339,339,3307.3144306673958,2719.2613515125418,1388.1702153564393,281.12963886272814,40.26736512017986,15.561918703505194
340,340,2031.1359692890626,2846.7108215846356,1282.998686114831,284.72717297944064,39.056551608662154,33.078354740004805
341,341,1565.7931074643564,2693.857335336752,1263.3434724210656,270.96800824903585,11.345287745455156,230.10045802769196
342,342,1508.110467628328,2630.7010564988827,1314.6434518011506,246.9071729019501,23.064629704517923,245.19246401783303
343,343,1253.7584254621565,2656.3981027365694,1426.9206338858717,211.26411025209262,36.96960605108684,320.46148064968565
344,344,1454.6282394887492,2782.041424717371,1262.763463674974,133.54131986668048,36.94601730302708,272.4174354032706
345,345,2431.709780834765,2857.5155222368626,1281.1188620908154,188.53911295690725,25.581979624312588,274.4759175032314
346,346,2663.2062671055605,2705.537990808695,1364.4282244398848,165.8191266922535,34.076746477373604,31.84481707208472
347,347,1897.5084141346613,2894.0376951856533,1478.1348111707655,199.07188248952943,16.091429444757527,57.23662460163848
348,348,1554.6446632170291,2733.9039814814646,1378.9448480055787,247.922144365557,3.4535203380755384,16.96035991252731
349,349,802.4545079678699,2894.3204578293676,1527.4059946380908,392.9041102867443,22.543607414263963,10.116102952893199
350,350,1145.6963283562536,3273.4857212868415,1428.2922032675683,328.3526096385747,25.529961128447372,322.24533163805177
351,351,2428.419125453173,2747.065548693443,1508.1698562748452,203.941287234358,26.748184699165765,0.0
352,352,2844.1118817271845,2862.918914790534,1387.9997788530554,164.2829449030573,20.98744159072465,27.54372417019904
353,353,1924.6306693022907,2776.701322884827,1387.565229555686,103.21818623754038,20.386803750579805,283.629840802428
354,354,1344.6001184300544,3130.109891095745,1158.0700072023826,88.26156872004063,2.028502368775204,257.2156514886972
355,355,1252.2036901498925,3103.972898278082,1323.636118365222,240.56556338020093,25.459838671851053,54.05848554601368
356,356,1528.8580495564704,2693.16671113176,1442.1816254800726,139.38290394981922,19.198890736649112,325.8220815187751
357,357,2826.477118497,2611.53555902579,1258.5841564268096,158.2912100111671,27.227823250072245,0.0
358,358,2110.1895338071176,2364.8764558460284,1374.1488350128798,113.14826854161717,17.3214654710692,257.3904926538087
359,359,1619.2378156766406,2715.232646815504,1523.409570436807,168.63501835965928,54.647610360736806,63.204372463956815
360,360,2483.818936418014,2484.8449027726683,1271.3982052080341,174.587765849089,52.699743131161384,23.808801272400842
361,361,1653.5675179104678,2645.173380804216,1363.2326281396986,240.63168013096023,69.09223920776162,32.833542359310535
362,362,2168.066512773796,2584.770496660748,1369.87753499923,234.12579529849717,60.66346656753672,45.707825762088575
363,363,2877.3618260106678,2940.1486739854954,1227.3971110739535,226.35772097590225,46.474510503680364,33.12123101079408
364,364,1677.7294924015107,3257.621155587465,1180.785172977405,224.06504979555237,45.40014104602243,38.217739812064174
