,Path8_sim,Path3_sim,Path14_sim,Path65_sim,Path66_sim,Path46_sim,Path61_sim,Path42_sim,Path24_sim,Path45_sim
0,1388.2850532795956,-319.614711213423,257.6312775989276,-409.03052308185266,1218.1654121173535,5165.492839684514,1560.4177049415541,-224.4681114024046,-38.19002442163776,-19.57771067519041
1,1604.247869619328,-341.9500021178842,320.6189086428665,-224.30534518726756,1638.5969321671691,5118.425568163927,1415.663356271919,-198.72532996213843,-53.27379637955757,-48.671877761480886
2,1493.1913764700903,270.80519456298026,636.4426785247576,847.5303837764679,1507.6140695061176,4564.479550838541,1361.187199250051,-376.0175586781155,-32.795143068300085,-39.90795874605848
3,1561.3041880392402,450.6838769026236,98.234871866396,1326.392445231813,1985.4400812748986,5230.239165570857,1101.923753011749,-207.4875735968156,-38.60362081744608,-56.586535974399304
4,1642.3152745163848,506.590700043337,757.0318516791722,245.47584347943257,1066.086112971554,5595.403655164727,1296.2540098530071,-412.0438255775075,-38.73606895645767,2.797021107438141
5,1369.8857059622028,904.7608766465726,596.3310300417498,794.0451371384288,1447.9181975929305,4511.7243052380545,1451.0557802392668,-382.74784796867493,-27.586553057954696,58.05142791758356
6,1448.8229648857628,936.7759875640736,107.15219994868991,227.55117086384485,2451.2612230963227,4193.867778905035,1177.28830612994,-196.14542591521723,-24.44619785381598,24.51382128849182
7,1457.2544032211795,438.46452622931776,701.4884857900003,-358.4447319577315,2065.885667560421,4805.464197420469,1295.448342526453,-335.97759766734384,-32.214748975506,-77.32149533425373
8,1610.7061829396084,-94.15554361275275,1121.359704200555,71.90465811761158,1389.29747195126,3574.435116103557,1881.0178362580837,-298.92234510749176,-31.095266086868392,-51.328216875806
9,1902.8587281021873,-247.48083397319908,1279.44020675989,-916.4427148256352,694.1404329619038,3691.1281477344346,1631.4198293016207,-307.35808206167746,-54.510328011440066,-103.48914757903242
10,1639.2072051566656,1156.5733243210718,387.74818950196993,-93.17083358730741,1033.649272773389,3517.8595606973795,1870.2509972872704,-400.88774650708706,-43.05376710027039,-136.64865099575763
11,1510.9060036110827,327.1389156266919,335.15185803332304,-455.85640340116106,510.6969078260697,4295.972164234532,1857.8022012834483,-204.26692856764566,-47.920860367930004,-55.727902338375316
12,1241.0078790198581,136.65222851389342,849.4946985293216,-619.3046533706979,611.383437625273,4596.739320727311,1444.7042714743777,-424.7181579246337,-27.710087925054705,40.077099105764766
13,1481.381658416085,454.0795473955986,870.7286845680966,-118.14549281589655,1148.7376431952239,4829.543625218558,1505.468892245961,-240.0293178658803,-18.236728001878802,78.04224996251418
14,1670.9257804171857,198.91897577844492,541.1357859781162,352.26379184882126,1710.4178643717319,3893.9416088173784,1751.3307652328203,-214.38733636950028,-39.65398362693789,-35.02770814313798
15,1850.0106390256565,-41.04119990780279,746.9393324965171,-599.7116316201291,1643.5746872533537,3712.2967572573652,1460.7517250871358,-364.09487825307883,-10.424165588988407,-5.37104280226508
16,2014.8869614718355,-784.1936543306042,1036.6389833385801,-216.6655518563366,1679.9768093879538,4287.233704911665,1418.1234344834095,-189.43371877582044,-41.754138073939096,9.162750822427018
17,1722.1669197092478,531.1404844443925,438.1798775574951,469.30641509616487,2218.1277365399415,5200.585325909732,1245.09044923658,-339.7018598423657,-48.367509640595976,-111.4380238088306
18,1430.7387097125852,1300.8263295600657,560.899363681163,486.5593244382611,2501.0162672298393,5362.837186361743,1320.5915749167511,-227.32243334087,-18.58127654673782,-90.29535165096695
19,989.437051324865,1447.8333812880599,-22.692516257315418,475.9833436195262,2004.0828385914174,5194.130173855113,1236.0294994226751,-236.62070467443183,0.09343498524905769,60.56728720069108
20,1049.907154407351,964.3988978107957,42.11277930213157,1369.601325401891,2478.5501360638236,5475.900072419641,1018.917808850161,-268.3045933462404,-5.404632109453662,56.31724280001982
21,1381.133247991797,1654.6275307452245,651.3718555071202,1548.6464391013144,2447.7457905993583,5394.274362162169,993.1028995368579,-315.14580892810466,-13.20127736531172,-184.1342080924545
22,678.792841748485,1189.1857248379463,155.46365229266289,900.1771612434175,2091.035118451126,4175.666408646645,1007.4625960317238,-197.57594509415725,-6.404599926954479,2.1644036243639206
23,487.19100348470636,1548.0358574867284,-211.83002097790413,1572.3314489842323,3297.624872607614,4329.0442591388055,828.3940387771927,-232.31404712447613,-17.615256429251442,-36.685658755498665
24,872.5660945669063,1827.9406890942803,536.1144640051006,776.8056394547698,2551.0728189239585,5265.61878939411,796.6801697779281,-226.77081676648532,-31.712603005094312,-47.69220923126993
25,996.2903302590126,723.425263673395,-45.03088448647988,1159.437528918538,3074.6284016947643,4595.412378015001,912.0860141183529,-237.0517878710513,3.1839056336097222,97.86628153806646
26,1075.0511447810459,757.9164316924737,270.0472985662324,567.9252807338723,2848.4243418396313,4589.508652533958,1043.5687790287386,-222.07282666151497,7.050649790358005,103.61898056806388
27,840.3850690781386,1494.8955911121311,59.13238729902252,950.4117323555531,2486.3329700816425,4867.703300750364,1063.3650177167792,-183.03658622129086,-9.063671764274101,61.95417592343693
28,821.5348626883721,906.5891032507059,10.663915658058755,600.804909262388,2399.9283997797475,4660.169574261675,1521.8872600624063,-154.29151708768347,-17.617794035391878,-15.875735834413259
29,838.3193155288927,768.7383919650288,11.14894025098451,1204.1247366031664,2618.3062073591645,3642.834919409383,1148.584195789473,-201.51297651226605,-6.882283660975487,-74.38347527000764
30,1108.6219419645463,1110.1878313803709,0.3900384251963658,1415.1408031645965,2868.7002478441373,4540.1127884460175,1491.5851454314652,-203.4779433855221,-25.409979306002462,-131.66407582440436
31,1392.8129420746877,1268.9579184161596,162.06494245013707,1186.448057698724,2037.8208628626294,4809.928929154266,1477.266319985668,-261.3245612448143,43.65213579021286,64.23672416913405
32,1466.4917006011633,1107.6412575981478,253.01506800732486,2954.741606690206,-604.531407122664,4089.222832823381,1400.9781414950153,-81.25166691156028,34.29250862745013,31.581533112796727
33,1055.0220384162124,1573.7224448494428,947.1182955507744,3069.1892745998584,-991.4005297998772,4354.5678273759495,1372.1227256846191,-229.31792227351454,-4.516996953156482,64.2580812531198
34,1046.224396832469,992.8051733804548,928.4754149775333,277.4854310542976,1827.7164444671043,4450.56426911309,1498.6082181487384,-246.56235629900527,54.05123302649671,83.02718992934044
35,1393.7111556971936,136.3921215260978,852.9731260321496,109.81479477132052,1762.549314209045,4566.929372934902,1759.565247732899,-197.74307643286684,60.89922794824299,-48.42480094056331
36,1133.5908832393507,313.3782061648886,647.3639017835853,-595.8087560058622,1733.3578106547825,4271.244123604598,1476.7049021743514,-241.11971428614592,36.744246832187976,-51.955447616727966
37,1345.5204540976179,333.75389532147534,483.72764325631374,124.18113338767057,1954.722597255211,5128.904684582462,1477.432894678041,-244.93940989556984,26.38051841017471,64.46278220232549
38,1264.4658664527224,1480.3598934235758,790.6447281422462,866.1647226167679,1723.8679977399702,5200.482438111737,1435.348994997067,-222.3746780804609,28.673892268138076,104.94520647570033
39,1701.8913835717208,1112.9286498343456,574.7053895641219,241.72288093393684,2271.74120547613,5691.655084844827,1455.0163800075327,-223.27852102263194,18.960587211033875,70.497173767275
40,1533.903518111761,1851.6552088499782,967.7556399459438,772.7573891866939,2092.3504152423707,5635.841802130599,1379.924218595454,-260.69100553499277,12.95447104350226,-18.723160246136775
41,1040.2741113715188,1712.2896090587467,1063.7619060806574,1167.481065227366,2092.4579822842006,4969.595300002603,1204.3102297772105,-192.1225938071951,41.80766092173282,79.63409575613886
42,1231.898590931699,1984.7764813482534,870.7627807318036,904.0397586275599,1693.724477059055,4038.5741321019136,1131.8470972262419,-200.36407537461207,47.001385693623284,15.080195278297388
43,1313.2205967012842,1094.6520508725364,1056.8027778466449,374.7044895381255,1891.4146815660492,5552.2207700033105,1643.114779901258,-259.2595618745869,43.68335184150924,-34.50112064910442
44,1161.5441817271476,1512.454029973138,1086.559610886036,138.51520294240356,1369.0880386904992,4974.874016067897,1293.9597114794326,-230.62988710256244,50.87153818127788,-43.093475706953996
45,1278.1403066841358,1421.7214201733932,1061.4318553983521,-230.79917833983438,1885.8111082360092,5619.723589303034,1550.1577481462198,-326.37707511758674,28.094605548015366,54.98498818911789
46,1743.7044600224017,1499.441546279165,1374.2800085722854,-717.8979601562557,1481.6110201965541,5244.10687790149,1600.8121708108922,-180.19719734353546,30.271723834387416,81.6008517152074
47,1186.088157740272,632.5367966408505,1044.3269858288068,-50.63923501720603,1223.2931337768698,3556.205947559685,1776.2133994087778,-208.49148341705225,37.12889590447535,160.06833509382864
48,1113.6651945581634,284.4061929574146,778.5220228662431,238.02319286915042,1148.7494444135007,3996.9008095994873,1647.2901566421956,-169.40035205871305,30.839562078932794,86.66082348971725
49,1112.913503764934,645.1240408724441,815.060494158733,1361.0440661252467,1453.9595966095617,4077.645763877786,1557.5460164077767,-201.59332947634377,23.162883700867773,8.574907752932447
50,1515.890524874289,222.96988545443565,533.2593290800246,5.810423750358609,1843.322324676622,4249.568171136206,1498.2855407268505,-208.79052578564773,33.404091765039425,29.880964800059864
51,1257.8246732966418,139.36907891550624,498.35127086961245,405.5937888918744,1842.5742038737653,4442.5440589166255,1520.626092581962,-256.57641515747207,15.789300528908178,75.9256401374086
52,1389.839954135443,135.2730005711183,581.7974884079212,-20.64409117529567,1964.3207764445433,4541.481547497026,1672.954512582554,-295.8927860331156,25.524854732851672,140.88011571579608
53,1357.388636742427,435.9891349667278,220.88442223709876,471.24033694659624,1365.8595971133755,5182.695311456356,1485.463059739053,-248.39976120640355,9.16486190148482,-5.506371562357536
54,957.2952096045493,-193.4448726015508,961.5031552919762,-108.16711018650625,1474.9969183481346,5155.094496763206,1479.1217472732656,-349.1542089559739,25.283136073379595,60.41641669587994
55,671.3105127541221,-242.47969869857405,619.2320211134864,-360.63732638045957,1001.7354970109448,4952.527648816518,1646.3714175352272,-247.33005080580165,21.184704550467856,87.53672681274054
56,1162.8911478017817,-462.7805765543592,664.4577378245416,137.96391273184395,1089.7341983473286,4963.737556432779,1747.017080585265,-318.3326077787999,41.284012837175055,45.84536100931759
57,1165.0684584975693,-1276.4261201668537,874.1657562456726,-51.544464124745446,1597.7721249752249,4672.965002340327,1808.835078882675,-305.85515050264826,46.95804655791256,86.13058544021285
58,1032.574866640748,40.030028364637985,534.9048043920819,-132.02982531111422,1666.8187623254958,4796.136815316994,1330.0758135468916,-355.9301029543276,46.109105456873,54.3545803941119
59,1341.254407398757,852.8227806648367,717.2349616256424,54.52253519911278,747.4300337548648,4379.770602899626,1055.5372850110098,73.7024558188317,-13.93894539741569,104.06758404480212
60,1752.1978391364182,965.5941058157157,559.9414647720845,-289.044135718186,1266.4512896193908,4517.189053296453,1565.8140175404399,57.59419689893574,-0.9333517583828197,54.27283032940918
61,1838.296750110213,1152.7183696364546,690.2753197800664,-855.2719330582203,912.1325160059346,4737.236201295301,1254.154329797458,-222.74061586663063,-21.897663349272843,144.5651572010887
62,1353.6068175083587,785.5642748234352,963.5474935903324,-0.7213072689833098,576.5211793764934,4469.671903609552,1632.0551846366607,102.82663964984695,-40.73868710676263,180.4887687517581
63,1032.708794861721,915.4174440556535,740.4935003139307,313.3876291163516,1285.6414268011943,3820.2554950380163,1363.0609003222426,-153.51444530331193,-29.471270948710657,88.37012219210209
64,983.2834872987981,140.71321482813306,657.3550537032356,535.6349248484137,1285.6077777825676,5029.381840079907,1338.9169890611383,13.773326388454127,-41.13594739529009,75.8377733778722
65,988.873458847192,641.1031910243346,798.6661218000032,493.1702686880085,1247.2203798073283,5359.623802376283,1922.5709600424818,-74.1829001748288,-39.001372023563356,79.3215879140673
66,920.4414477291849,198.95383131421733,44.596926362918964,1558.7212857029351,653.8678141565827,5931.319175228778,1762.6454022006803,-23.49044456260871,-22.960846628571254,137.40476938691856
67,1168.3324984678347,1208.2034860376998,499.53340047914975,386.92240279290513,2166.2204094640583,4671.138087892309,2013.1066166641583,-15.048053606194507,-23.59193729343888,111.90654432367515
68,906.6816592929902,299.7760404289133,255.92180390567762,393.59361749460527,1448.6820563052265,4274.524277003925,2102.6905445562825,38.34636036817671,-22.125629258454723,154.8416254849576
69,461.91939575695636,1097.734616287893,105.0658860367555,1494.0549893329255,3065.711578955763,4807.283161845072,2052.2750786024617,-133.66396147361786,-4.778632400175802,247.98839195115852
70,1110.327361693025,207.2653569765635,781.054217611523,725.3377779172295,1084.5239526507116,5272.419461197445,2089.685846770797,-73.278515211989,-34.93340333978709,181.8167359944615
71,979.8895767457121,742.9390562988683,319.6228660860479,-95.87592466790602,2168.7018856304458,4844.14761288958,1715.4203837497803,-56.514942364053695,-13.760252416050236,151.54716304960166
72,1160.686363603048,705.6135422562616,668.9063566737864,906.1911795519616,2191.396901755465,5005.306454551621,1339.5433722752966,-17.73756711745471,-23.46905323232618,27.541099457691182
73,949.6016416756099,409.33384512200445,853.2395527029461,640.4386229332936,1115.3358094805023,5466.750426344218,1889.0964766450415,52.65406269055302,-39.9176730205034,32.41949087903333
74,1012.5038992696317,-142.72849788255223,353.70030398066604,268.9562787047523,1632.1334080863257,4895.521286019359,2008.46639584085,-95.60654955260333,-24.577584163445465,175.06003199911896
75,309.3985634903396,653.2264273385981,272.41204034857697,793.9390494993033,1857.1477070630872,4999.158702972315,1949.207764379904,-69.39839139639363,-32.64808368177315,202.0707758021512
76,332.14127550239925,-119.92395316104927,743.8043150222227,1427.2737801421338,1542.2175377298022,5160.30057409724,1281.998954888888,-120.32761853478974,-70.97476725257908,151.1439381504398
77,177.8558540775519,644.2507449384937,441.3273150797487,1789.3981368998454,2364.5785494695015,4525.964625019077,2191.144163274967,-25.641364716786192,-37.62827040556004,212.65744461394448
78,702.9068314055854,487.47257563276816,548.7560900839156,484.926268630933,1020.7332904548357,5774.3988419342595,1328.0868659832863,-56.91242712396871,-43.23004579021323,30.139140445687282
79,425.1617832817649,-80.65784909314976,199.2629283328054,875.678326103204,1768.7017601113407,5827.237499238276,1989.760358664199,41.74983521410746,-30.76523104660035,73.67386834124562
80,561.4031416976538,1129.938258388288,451.51541310343094,-3361.3044270529263,3837.686494740054,2279.618852181183,1853.3587350259218,-13.90391094609436,-43.16119047647484,75.86980979616112
81,731.7662950567936,548.0986038974963,372.23845754510893,1397.4070380931391,3056.2305255103925,5377.373738093855,1646.3572686788493,-128.80938009363823,-44.280315483267074,180.8104341971877
82,932.5648605651796,569.1832700539576,550.1376176422314,1501.2969973939523,1199.2830553177753,4832.182896125207,1808.405844993218,-70.25336457415659,-32.44963062325961,143.73429424493068
83,1723.320620853376,919.8366381306994,879.849234865481,-187.20817931484538,634.3974333508731,5586.50762435635,1554.7741319109502,70.0456682290984,-29.81185448853699,76.18865280826142
84,1112.803078288256,153.24575413031897,809.415238809039,567.1581889626948,705.7670361951327,5273.394319438029,1796.3203011291441,86.26164546292932,-11.575576570550526,110.41801488887427
85,1291.6480275142076,543.4225980928156,616.5693629312216,-546.5024247948284,1099.0623672124132,4054.369989737337,1595.7989750498803,14.640657321003543,-10.323402532074667,147.85176329147055
86,782.8061879132916,952.0510235872471,791.6641455822677,1012.3691579565555,1980.5853436444454,4556.9499518833,1657.5127445454445,-88.86616676432955,-11.994348111211586,195.03936643682806
87,588.0266666786217,878.2395368294369,328.4378261714323,1625.0712998444403,2484.574129762294,3983.830227123561,1541.8496048537313,-27.021747966778786,-6.6965833855736445,204.87049030984832
88,517.3088935449465,1306.4757504219313,381.7575841485833,2140.67859093678,3475.665997526783,4571.757538683042,1568.509697439688,-157.455770443593,-12.03920709391404,282.30336856483126
89,832.4009375055442,986.1860920603403,813.8749227989744,1417.7178233606296,1798.6247298852809,4532.224394241436,1153.6829533801706,28.291281916855585,3.5995032445017507,195.8513235194605
90,260.3830968728941,951.4539359211085,304.94963664404304,797.9710609045821,1823.3852581204792,4981.052187208236,1152.1669481810416,-229.03294357387955,64.79197722872527,-66.22850184987783
91,892.8252016664211,1547.512922255386,1553.4224695764776,-794.0250419812361,1130.6011326041928,4810.6064899454295,1160.5410186340464,-237.45285801822394,41.370968151653244,-80.96073499514236
92,794.8946192733468,141.93128799694853,968.2815507123423,831.7962695402227,1749.4715317534265,5966.398376119453,1425.5838853845335,-229.89419791318807,49.37351013199859,67.62486751584868
93,949.4594619818594,561.1826679106396,1246.4505173464268,1759.4614545298039,1700.1026953539854,5623.754231975977,1267.6268413591367,-245.21383972640194,-5.303123155886684,-207.00717893879016
94,1120.7150356369284,308.7636115978674,1117.3680010518997,2084.2464492479985,1635.360435365521,5495.709472646798,1193.940257828804,-266.6906198009576,1.3805935574648984,-124.52891361323537
95,693.1752857659271,1095.593694755638,902.140204379554,-415.8013324000267,1220.825838524985,7359.865786541711,1136.8986288620601,80.30283236684413,-8.174726487125525,-2.1314478354294515
96,572.9716849402541,1690.1593754840296,1520.219866047608,343.2751111866987,1278.8430067508732,5220.912671070539,1204.650452641187,-222.3542890358626,18.28054446195233,19.009793260673376
97,362.12367719400095,712.7205467263407,707.0583750343287,2317.603400125685,2619.3694285307624,5913.8148377615835,1243.426106630036,-232.01792452229483,64.55913483787631,116.35416155312967
98,816.8083885986017,912.0296902224463,1189.261479611547,790.1453335433348,1334.601651112386,4118.310239404205,147.337219634012,-212.55034651457441,48.91938198579732,-75.99859883142454
99,518.978916372129,1022.1555331637285,1340.444189174181,2013.741539737826,1046.8711790051825,2924.881054256253,1063.3852924286293,-230.0632166012781,56.06527920882508,-39.14637497245286
100,612.0753546218202,1559.89288961799,862.4748010048847,2549.221789501763,2233.9912282500645,3969.3749353544904,1216.1648052771493,-223.42847699110374,-19.329116662977434,-63.636459075700486
101,625.5861331406111,1266.4921603411146,993.9829881683003,364.7990048063531,933.7946358967795,4045.0493635289745,1345.1916553202282,82.5537902467337,36.26038284201894,-88.46756915139176
102,939.7290218504085,1445.1745890672762,1536.8816490303698,802.3177095720414,823.4977234748876,4740.486705884318,1284.3468411476913,-200.51777472046317,50.53506427290959,-152.0433875332278
103,779.3675395388484,994.2058696792144,896.5224209648018,1060.4741084166424,1708.074137973943,4885.964636874552,358.55412227673924,-208.53993602721582,41.66967329038,-59.36180379795502
104,-257.0014034098657,900.6569658882015,460.68316731025385,2713.34932773534,2826.81723093374,5378.855995529994,1293.225711111809,-230.00316637286298,-19.780648428570316,-162.57880962433188
105,341.19972187833605,1339.039252787305,455.1321756838121,2613.1523108112387,2443.7964647006306,3802.1009220297055,1287.4071205972684,-179.28413749213186,-13.131471722607056,-149.98810922982355
106,1166.1808799644805,1098.5301775319833,1470.1326356374555,462.2376379514726,2127.895298679101,4176.950169603206,1352.0012846358352,-209.5385505837913,75.09554825898269,-153.9813149250293
107,66.51805573965119,-137.4365335679691,700.9407494628344,1924.0659657120834,2625.0271433800885,4182.75271302466,1208.5683058762531,-251.74545264749335,-20.45641751411629,-76.15768839283975
108,305.27130162150945,274.7557160160518,637.4513153294158,2202.3989339652853,1903.1140794417997,3761.463810368796,1289.078483399563,-215.48752108036135,26.713103181070394,-116.81220137521109
109,501.38628754480885,79.54682417257908,324.7100116675938,882.5372304124073,1968.1519240871316,4101.263515646081,1240.4420986919179,-224.62295033533414,-6.3864217330920034,-146.97518185340329
110,946.8766255781102,-2743.025570363605,-774.7735343479496,-422.29566797240045,3652.042261971022,4748.65686250554,1361.8233584093914,-220.08829079045793,-20.939871344674504,-171.37040683971946
111,395.06228440455897,-456.7022079484746,465.3813267176279,860.441948956123,1957.5512690428977,5159.661734517943,1258.601579538204,-239.73350613278018,12.62632612588532,-82.6474461605541
112,1074.4586122478918,1098.931285359217,900.0612102780158,1086.7081890155525,1323.9611362245537,4332.613774610311,1369.6941527395827,-204.06335718101013,3.7346056911142504,38.294769654873946
113,795.4045970116998,566.171294357009,625.4200844044719,358.4381930086113,1371.2134565981828,5387.13365199356,1209.6083759672847,-227.52532218145635,1.7147905836923343,4.795558008465466
114,201.45783628033504,-299.6903607196213,85.5223547947972,807.9857874076354,2510.859992593189,6504.53006443036,1212.2646989280033,-250.18652328321724,69.70909841116165,-206.21088385368168
115,328.1493414717811,-81.82364058501011,502.1477328170571,-442.13719412025875,1678.7670681978311,6555.347485919858,1439.5006892863657,-231.1441810394535,28.213058603646466,5.64698513858124
116,533.6349911773666,873.0865174137293,657.7598752004436,529.9547927734941,2052.9612360258993,5424.765161165004,1196.8208767719482,-218.17394890418046,16.570469121390126,3.949396800697439
117,206.7081858415536,1875.355598070921,217.45062577315767,2781.1527758438488,3534.6389775710613,4579.35742428663,1177.2199297908803,-191.82270276325306,-15.32076019459622,-94.15079196653491
118,-109.26443692249501,743.8122233173785,-444.27819276442983,2767.8308062886344,4078.523908503094,5582.571782606013,1471.277033418153,-193.6964302159195,-32.00520749478024,-75.08935183797324
119,416.8724324008932,1034.5595693266416,792.00053860763,2496.664331982869,2406.9810182793435,5229.865604242245,1367.4815535616704,-211.5324490659755,64.32404020778608,-232.75432955847958
120,1966.3540468095434,-104.40705294495928,-47.17652067428202,1019.477027164678,1437.1122210231692,4160.1910063375335,806.0301008049297,-263.185662943584,56.34523441346672,-119.72827492505044
121,1297.5828549415087,-142.9019331250563,313.66795350292944,-852.369400015675,1442.1013238338226,6203.18501728704,433.92687525625036,-349.3144646721332,38.8938601729752,8.571583157043406
122,764.5179128359293,566.7155798375891,-85.17435228530076,-715.9917540458708,1817.4358946244433,5947.579413311719,1328.7382000343932,-375.5664931427491,29.322499569826967,111.55028391529183
123,1185.394448847027,-222.7341047635312,806.1152332605599,-1480.8465266152884,810.3745564188757,4483.236380318581,1115.73388907355,-325.80937136362024,30.0958148135597,47.38344567760539
124,543.4865399202486,-2382.795571301224,-1068.2774130583655,2793.3068045872715,2575.728455032835,5117.321196183538,1408.3506729969172,-244.32329537875447,-19.472368910931305,33.637312863685686
125,-459.4045031227954,-2398.8089939822694,-851.8484149326763,-2556.970342869942,-578.1760813656429,5804.457937617117,1217.2015685409049,-221.86570880817916,-61.78391464273282,41.291894579488286
126,354.2307741035469,-1560.6895595912154,847.6889448114339,785.6856340030351,2011.6178069269213,6105.790436712475,717.1383454222063,-216.4835105360662,65.84873516094243,-21.745480441776024
127,-175.20466963361167,-1685.2079836823964,-144.61388905909166,1553.3530292556754,2326.2601207486273,5314.059791638028,1108.8415780098446,-237.6147839510178,-8.731640572279915,42.09485230928699
128,196.65438779247717,-493.43796118609436,-176.3309971660878,2284.7634639314983,2990.4533979731527,4324.206064943426,532.1963648643072,-328.5177387666548,39.45782732797419,101.20490475467847
129,221.93400113822133,-837.0513175661683,729.3797981908629,1242.8814606324727,3162.9809705471453,3467.276436722921,616.6317367619764,-357.7819036657496,26.069374363250382,66.67669232026824
130,-264.34985379279624,-204.26757671090303,371.91444359809884,2469.4716575168086,3726.154205199114,4309.1292259486545,232.44378145062888,-224.71953105940426,27.59995300723312,244.51234560351162
131,-553.9164695884596,-84.01071730814516,2.195944972674191,1347.038880183066,3745.200735464398,4578.900877683703,217.93789390176283,-241.21147484883835,46.256321300062616,248.389066093125
132,-456.87359931676133,-226.7283338481504,-327.0913747434737,2733.5571075877515,2846.601426095704,4293.405773454526,433.71917966508056,-189.39576946893928,-17.98028974531683,113.09814103662703
133,-413.152485834324,-964.9729044296837,-744.7419393538828,2358.292709067906,3556.8972071481103,4964.83895094553,1281.2531670356134,-334.94161994111516,-15.580707866930027,153.1380527495809
134,-348.11324173681885,-2433.186850004331,-1087.492949756442,2157.8629157710748,3157.837220030014,4675.070870371633,1214.7875686582133,-270.6022219249709,-17.317134977717195,11.788186657031797
135,-379.8849745042637,-1604.9304506290628,-212.96168376586266,2749.634016565099,3746.386861936116,5285.08120847973,1350.7694854659508,-223.72754107982317,-15.443622777723911,202.73413097460275
136,-491.8048040582256,-1322.9627599884232,58.829012870940915,1830.285841215338,3895.0453868645995,5602.6878120667125,1365.8788008459064,-362.2020979237956,67.75557892759318,148.0975948464886
137,-442.54017603914474,-2134.7561519471005,-833.7539130319267,1672.4399387878714,4147.554471066098,5632.769088921267,1319.5446594521577,-220.6381290755768,-21.498403073543454,-2.777876640984168
138,-597.0098752392365,-1146.750131504864,254.13115553820649,2661.5040796420135,4106.020032903147,6093.964444790454,1137.2538335455251,-357.82213182590203,-16.61119702529963,150.09490369310794
139,-405.4804722400045,-2124.82879449261,-994.0933287151911,2587.4389365478646,4082.3281643972527,5059.403411536737,1269.5563683488222,-263.0835533647996,-16.956519863452247,123.24918345200632
140,-265.3913258345873,-1016.8920363511497,-403.41436597275845,2429.600349106474,3156.0354394928972,4652.9754144107055,1417.7315430255549,-145.70031969602067,45.70156630995982,61.223397417472206
141,-631.8380365819467,-1394.655907950821,-546.0790963230176,2633.2344309418477,4086.9672259070535,4107.653020994546,1317.9380529965001,-305.5295173128187,71.73637648349174,232.92373694256548
142,-422.3835970731211,-1248.0867237765635,-845.9247980559679,2355.0532537619347,3068.8419380852133,5014.874272785038,380.01881597827963,-129.43345424379788,-21.77764036402139,120.79723372946637
143,-555.5949698671229,-1187.293751311424,-863.9709258751125,3159.100187025171,3742.463447839546,5530.692969703404,1164.6371566738455,-169.66935712414568,-17.395187276660543,146.72525874983174
144,-528.1369956575506,-699.1591222669931,404.77822478148755,1317.055650562809,3582.675874923893,5353.8545248351875,1228.9368347236054,-295.18076456387905,15.65678679515483,105.67921283507897
145,-736.7275426164738,-1273.109478142174,5.1426180911469,2806.2849897948145,4280.6894543693,4393.978514498209,1224.4220689760546,-296.87370979440107,41.805280811126096,140.59602227793567
146,-861.9898586905748,-2392.6055051051935,-868.8031143519312,2291.7247213056744,3764.8490825678496,4385.285314902245,1052.568343016646,-238.50161023508414,-17.236522212743186,30.659886356130443
147,-765.7654425792598,-2778.626814006294,-487.97844953993933,674.8183615631501,2635.374706882752,3873.709804133075,1158.0397181943272,-149.172809982745,-32.38227497556835,68.90717450641074
148,-538.2135737452419,16.10455358456514,664.1058037403104,1265.663784128363,3719.671256899536,3675.6292561886407,1047.9799580317153,-330.8087320382268,-3.0929464378918645,233.7625417186567
149,-425.76353613188024,-1166.7427646473454,-577.276441631502,1996.2507698440475,3535.465533460604,4035.5654991858137,1295.1739892686255,-142.11121735861386,41.73208315719758,161.79199267350262
150,-865.3383762237297,-1246.2737815983767,-136.5688421966684,1786.4293732166936,3298.842819936305,4776.092582054873,708.2891108490965,-341.15278382605004,39.1912248261333,67.6543671738138
151,-95.92950366532938,-46.074770730831005,-8.204226508295946,2176.8644605631334,2877.108746643652,4103.191096154857,1410.0787644048173,-327.848311802922,47.053965018450974,-127.11730200758214
152,-223.5685706535217,-1188.9418308751056,-46.757264148523376,2702.402838999933,3639.9243056492382,4319.0905638137165,1378.1258529385948,-298.1554229229856,-13.922894159850536,-54.48259436585195
153,-420.7463904902543,-138.1549832527453,-446.4074228071282,2689.0662162212566,3398.5923392840637,4806.678978322954,1411.0964568559737,-202.27489950434244,80.59851620941225,-19.12359479053614
154,-593.919350340383,-639.1104670977659,91.03889827151332,2748.2478903342144,3470.2534473756446,4957.243238643388,1294.9233032245143,-223.5174507671419,-19.751690667341954,-113.66122361772767
155,-356.70065610967856,228.55256282412512,25.03314817713789,2655.4206094193605,3515.1569613792785,4627.6283281159485,1341.4697489354419,-249.62627655686347,45.728926752723574,-105.53459182456001
156,-247.96631025430628,494.9883821121519,-210.56430438707048,2236.4221838800077,3360.836791728873,5116.595591892761,1334.5609488451962,-287.5155297096185,28.028872147733004,-95.60881293701368
157,-321.0397848718685,242.1138119412562,-832.6625329127173,2907.512023215625,3420.9650653766967,5014.616501393911,1228.5302333606214,-221.46446299809352,46.13928263861444,-142.90948678298562
158,205.4072512770486,874.687586541696,-38.091210307939164,3366.1914972705626,3635.56607207149,3971.130207713691,1198.9175930706397,-218.02142914180553,37.38160690827963,-215.6183713337477
159,-599.1234810487169,1152.411499321164,70.88852467256407,2220.6763640924873,2637.3631054710054,4030.304345647455,1365.8336695569167,-238.93215554794057,53.86496672332135,-146.5843741601933
160,-673.3450263508059,883.4100590128157,-327.8381107493705,2657.559540891889,3307.2999455827444,5111.057115679966,1423.8753520938542,-322.94069361610025,-11.172321390736025,-130.87692937741897
161,-189.80037732214782,1260.4859708796278,280.8847774626883,1933.5631826024016,2525.9417692473535,5058.477575717704,1285.4684076917356,-261.7466615174676,-1.7893100725898456,-171.1440111768209
162,-581.7587081457976,-1185.0020812045789,-228.10411207106046,1862.0946882307628,3220.5004173954994,4607.265964067528,1407.7884392944154,-164.2951828371601,-19.714003309431817,-98.57252132144376
163,59.035292314041286,120.75662103951379,390.32141983460036,1369.218555399865,3720.8603344083226,4530.474240478945,1208.5453765322427,-190.67057219728676,-16.89816366543407,28.107666631183875
164,602.1013539284701,-519.7866195879735,-49.68663882575038,1971.768923875117,3695.990527056883,3763.123103417622,1203.3214820763187,-252.23874395110047,-19.779317004885627,-2.532396839906788
165,1099.2278601176367,704.8975163493194,411.7181485736307,1529.2929402517882,3550.3008636891973,5299.4519419201615,1311.4539080863208,-206.91688290986514,-25.540530743139826,-99.18340592791938
166,301.772526493809,2178.834298731553,398.5524442559559,604.0026353780368,3503.468845844602,4685.906231275258,1413.8546031757292,-197.4570721135157,-22.56334849921121,31.01375758123153
167,470.06419276799573,1819.3678934002967,559.3377272685937,1696.6155819405815,3670.006215271978,4194.536512151217,1390.4455521264574,-170.86143012219267,-17.769329398358494,-31.776518787715062
168,-439.9130105306857,1308.9970453415635,-255.84534806670922,1941.1519096605346,3589.067702229335,4244.029254410371,1293.479560586583,-155.69225768600276,-18.522926273701273,11.422120624968816
169,-458.12038154869504,1700.7847097472638,530.8321041865346,1972.0096703440038,3965.5743807397516,3554.7373774507873,1372.3334546047072,-103.2413619569703,69.82925970517846,40.24261814817384
170,63.703603259341094,452.4655639516638,-613.5152514045453,2685.096695604926,3843.9651335468275,3384.953814132645,1487.4947596334341,-192.01385309637382,26.692570970337712,-63.34333114911836
171,1074.0547771479592,1861.9639330720868,548.3561780262314,2328.3298554309695,3344.071626506192,2925.588687958211,1272.517428670431,-232.7952770203609,32.8649305782271,-190.88114354120196
172,543.5501766980628,673.306166523605,53.882962730712755,2599.801874189191,3780.5898954417676,3768.7180410330634,1174.912599891621,-266.49845317082963,-25.06244183861365,55.982334060438696
173,339.1344947383987,231.76876519857558,-730.2020460869411,1997.6695075826617,3545.7413200906,3416.5692814772483,1139.3393989615247,-233.53485513386823,62.68812602158665,-123.87665245267823
174,141.1226354308963,1049.2399910914926,-398.965042616562,1983.1076826939714,3410.4096075779853,3780.0735128319734,1056.592244922798,-119.86936778307458,50.50284822662082,-164.47576557861268
175,591.6283289404963,218.2984152948631,319.4331342142843,1551.1737770677903,3184.3331144040935,3665.3686477289048,1221.8958288465644,-211.66832149931722,43.72310281233239,-144.56294194065788
176,251.2498254822478,407.0552854793751,-901.818333703974,1414.7979168947443,2931.8438193150905,2771.5342053646878,1379.2143319966926,-194.67301657799774,25.489681308461485,-149.2047769535704
177,702.1871414622692,793.5957486934433,68.46131326868084,1768.5676294727352,3035.767431762799,3459.807861322471,1311.8476080275627,-244.88563068150856,20.913511631439192,-136.42903524829683
178,441.6988535791457,378.73512881354446,242.3697555448327,2290.556247868307,3166.4106079690177,3707.7909275228953,1397.2564110413878,-257.9816481135747,56.57968239726737,-118.22804039253117
179,-313.8846618208733,-1728.3249747182172,-915.5555367090317,2574.0494619217334,2339.152898233228,4038.8502884129357,1266.0666812807447,-239.2481312189033,-14.242158678593812,-2.2264179162951763
180,15.871325332948231,-139.75253146284967,245.58724247805208,980.5743828291656,3050.6370180252698,4972.938676931427,1302.2522273138145,-178.20891233800614,-22.28188995539008,-146.39629877613166
181,222.54091517140085,-887.6852696997835,-560.914276357407,1655.3039372282121,3527.227814680348,4302.2519831390555,1126.2915313155186,-313.49517413990304,-25.48558429851929,-56.69646450170928
182,154.65354171911758,-905.8994317420547,-417.0408307873171,3368.254998395976,3223.6369927033957,3352.5617930566727,1251.5094415352658,-223.5675037382148,-16.712447592306443,-123.63469983982355
183,408.5662610470691,-313.9734628937439,-573.2234787659459,1274.00989744427,2267.077657031454,1937.5119768316306,1324.9447355537598,-370.82998301951534,-8.124484694898442,7.285606504402203
184,287.8613301338071,489.8074239181935,-520.717748727388,1725.910082904203,2741.479703965822,2872.149630745753,1259.9135306703072,-396.1349914956626,-14.151153064792737,-121.93018470785802
185,912.6805662339182,-123.1467267961803,-308.0112689783766,2662.982183595711,1887.3421767396808,3513.9626278787655,1380.587906277983,-420.02034452119324,-16.326803846302084,-34.0437357726205
186,148.32204350684663,-984.4034180920414,-887.7246866703098,1897.7627412375898,3089.9807296895556,3571.9420190805254,1397.5037411830692,-254.77317001261437,-15.863157195998824,-27.697686607664743
187,592.8817971679672,-385.9123165977073,-487.7848420801345,1723.8432754409398,2945.032215173912,5203.928071250012,1443.0279366951147,-323.86928225480995,-33.0312369800496,-94.95272831439829
188,412.51160116262935,-1338.3282209563092,-545.7601864474318,1222.2303915514765,3355.3217319377873,4976.309451189444,1175.5618407243496,-399.01911872354503,-20.77720401710172,-37.96605803025038
189,926.8229065056063,-1223.0789797441787,-400.7233724846171,2018.6482371949357,3304.1164261045706,5832.678053895807,1136.1580665571269,-376.134758448953,-13.148772460893943,-62.7554751734655
190,-58.029896713171325,-2726.0893341176343,-707.6339258902739,2404.4948149303455,3679.099576221001,5742.501233816439,1148.7389673901125,-215.61683558406432,-11.751377367976128,-205.4711667283802
191,278.43819820910096,-1112.3608064193863,-740.1166493795198,2275.220534148647,3095.1212800544827,4717.957685338646,1336.6827046185867,-234.22289135831065,-26.890624858314293,-136.28060553910123
192,1062.5531311364848,-510.5420591631026,-408.11636348037246,1186.2254856863308,2790.3047713300775,5323.40740692,1466.2927329191539,-212.79946066489038,-23.708092483622526,-167.53207564130702
193,710.4152813980421,-235.88675383745561,-521.5805443188558,1033.9517039383816,2126.0548973516443,4228.748382639831,1402.8862396105894,-241.35365427199918,-12.122162461175922,-115.00050735216305
194,820.3012304740506,-735.1220926738447,-328.6118465105728,1050.6231515426061,2914.545633239039,4742.166936577191,1377.9447462817677,-339.73936702484707,-5.793882404241057,-92.45925816659599
195,1203.6612242980277,-72.28212266928597,-188.26139869106737,1008.2461215055632,2334.2714972431245,4048.41926370938,1405.2066539537568,-301.54484583796466,-13.222219654202915,-53.57991627543317
196,1301.6506207476632,-601.977544199706,-30.533405927880438,1388.0354646389446,2358.5690549649235,5047.3294444291,1226.207838143707,-380.0902124464859,-27.337220012650924,-39.069481452682886
197,490.52560018120477,-528.2025496213391,-4.307714771600516,1808.0340763074862,3035.771397272925,3905.4082061464674,1213.7634398384898,-308.6970002574344,-7.437826264713106,-30.90549737328503
198,1400.6268949102491,-1074.455584931622,-314.79678606327406,1360.8601468202378,3577.5988410557566,3516.6842977996935,1170.5718544952185,-198.27602116682218,-15.55527489315622,51.02092469912686
199,1286.125386067149,-705.1332347060163,36.814740530414625,1224.576018023846,3350.526365619211,3567.1218977939334,1235.0303980557144,-364.62827377546046,-19.60900289653384,-31.871505521215234
200,603.7009252968049,-1942.4706475772352,-715.8111934055382,1527.3158035150866,4312.3048108847615,3841.512421156696,1270.9367695320716,-179.94117383853128,-22.823103404627847,-174.80999798718125
201,867.0642142696634,-1336.0989740906875,-577.4430026741742,1249.5545345602807,3452.6054377709065,4683.685734831407,1319.5059858391303,-154.34218978800914,-11.655585982363572,-75.92458199508152
202,737.4387761490191,-937.8387320539846,-357.07182214609463,1695.9258153292415,3325.73744176316,4805.269624929307,1339.8596087632209,-224.60611780379313,-12.882635995152096,-103.45063389538714
203,1440.4680732909628,-621.1303593181503,92.24043988863042,1829.8861895096913,3026.725893406551,4887.1504769293215,1315.3837241615463,-213.91460379173546,-11.132490434024206,-103.5811152003898
204,1190.9915744884938,-999.4889558344084,-421.33640763782023,1724.4632570932115,2553.4791310902497,5068.419100769356,1248.6379199237147,-191.31903895749443,-16.989756929754822,-155.1560110988715
205,1386.2870099626216,-466.18232239798124,345.70313626691734,1659.893032198794,2056.2448689834723,4413.017419716746,1167.354382114776,-274.4333201498936,-11.07810225207274,-25.15564864519791
206,1570.5659890103161,-1273.7169542717377,102.47575231130091,2909.33860920359,2512.7308822321,4640.879479422412,1207.7673181489645,-358.55259327412784,-0.7765914441987753,-27.403041404653436
207,1564.1158853963616,-667.8646618954122,-78.7429578829601,1973.283412245463,2088.439716252967,5135.262129508977,1316.4634074463756,-225.38731763367846,-4.134004341934226,-58.56687927488855
208,1270.5710569987682,-676.4569953800496,-57.16442299452754,1335.8561678643232,2471.0704572021145,5769.591232172017,1266.283347313916,-206.88898828159978,-16.706017777994568,-75.7302458066034
209,1360.938032271457,6.339615866586371,-233.98039211218577,1020.0706159878685,2459.344934839211,5085.302000352949,1371.3403880420517,-338.069520798079,-25.023603742019297,-93.30696042449131
210,916.4696850007365,-1527.5326203979555,-346.0719375482899,1672.917796242106,2952.2393469097337,5014.39397317643,1117.1301440603725,-236.37461890483448,-24.23459855719479,-152.3533771552097
211,1371.6980298314043,-332.528466611363,-504.9063381516005,1406.5006005524353,2197.257729639571,5570.477402918675,1101.34012127195,-225.5603992667639,-4.99318891285672,-136.26127145589672
212,907.6020210299552,-754.9316436357747,-237.02109385995288,749.8542802062311,2451.621688656045,6746.393591294443,825.7461780040985,-244.8027899010797,-26.677941699894895,4.98476689626769
213,879.5305436078088,-1227.2778884090394,-420.46436624226345,475.78049816013277,2296.706465397087,5938.246173216368,1021.3899808495444,-219.21712739441588,-19.762513122683927,-40.64967585322688
214,1049.8175584206153,15.996280104225974,-622.8305398994883,678.4977315641825,1847.3614144672015,5925.213590069984,922.410334191844,-266.99408322107354,-30.117949787677723,8.258089117769003
215,1019.37348482898,-610.4158439965496,245.56942085020597,669.8650500101903,2639.547900152459,5333.553068759172,460.20033888925974,-305.808028300611,18.58494081382745,99.68535433804362
216,1725.2471674264857,-820.755131144934,903.9446386350653,1197.9334629208295,2909.666357531973,5542.616853058681,524.0684382969002,-266.61217333714944,46.55353507773844,160.6655745687215
217,1520.7036215545977,-1315.9339612247002,474.9512492739547,1641.9623765398412,3195.5000416409434,5368.448134106512,709.6829044163824,-319.2399699907162,12.275464249345774,135.24284189378048
218,1167.1142617289456,1049.0055261721534,132.23845443439313,897.847212014349,1719.0675490539775,5635.675927582276,835.7966630707064,-344.1513277974849,-23.69719933973415,107.72077974510543
219,936.2494022385047,149.85167294256587,662.5101781326056,1211.7943474166273,2040.481122656532,5794.241169932935,503.92802700701156,-313.0499048844438,-2.3710614675874595,111.49313327039172
220,1410.2369279351547,561.5288148026339,255.54617469973167,1078.6889998546806,2371.403651406128,5303.748725328634,787.9063368567586,-127.87442407665495,14.74612298475163,129.71514148141836
221,775.0459988502173,-1250.664727976005,-101.71167124337816,738.3222379384013,2477.9216097148037,5998.144882143635,626.8582742040368,-248.38119855981344,30.020749969646268,133.2258163932703
222,990.4164956493064,-1876.7429728560087,273.5861987810455,1479.4300095582507,2564.671741909601,5381.069826033181,708.5915651985399,-282.68519336820486,48.46087254539275,239.91686020141725
223,397.57027212313994,-1242.5299147792075,-192.1797802541894,1078.8332092399849,2590.4935162756583,6078.077215053708,680.2399257390156,-302.262410104383,-1.862938692468493,111.75527300259995
224,451.69925846291494,-894.1982087722347,-492.797161000202,1364.9194209243897,2671.7030988128595,5583.808969316291,829.046734933861,-291.72654898422934,-29.88292402246354,194.67362783950855
225,1225.1005426797224,-460.2718665304043,69.07057937003742,1453.006160300736,2015.2932830236477,4899.360007700993,1014.9977934751349,-280.98993337833156,1.1792449355078958,136.4451525584248
226,1766.3602123921278,-888.3855773025871,575.6892249928014,1445.0966308224997,2973.376810992086,5411.417628320171,861.0699880919495,-267.280017900753,43.96237230389972,108.93071071712978
227,347.35667997176483,-607.3734944787936,-162.70670779489942,1332.032195914588,3107.188763587414,5794.124045531891,848.4705652723773,-344.6917129849637,4.918109124942653,12.235323980391712
228,1956.6448258224536,307.3715629344612,375.8380058099832,1120.1466402979956,2418.9318812262095,6094.009642366658,508.58575887271326,-321.5949891325158,54.83827153849983,151.3754604490025
229,1519.7250073048822,-1537.0790945231527,591.439954655369,1571.2458736815563,3045.7435518351217,6185.075965118439,453.513114318899,-355.5036918207312,79.33568743733883,220.50451016278612
230,1628.8363125368837,-2053.6916972425747,629.9568473030312,1478.5689897537009,3594.478088244145,6142.71585400742,994.1066009224213,-262.45797213191065,46.838671489223934,99.30188731529105
231,1682.641237694373,-2524.1928206281355,1224.6802932811713,703.6788110871821,3230.924603963928,6052.684422977006,1466.449425328791,-268.4990863109257,-7.31130740718735,151.71874711871683
232,1473.0096494520012,-1333.7158635798298,629.9601052497042,914.2134621675425,2690.7806540810425,4887.914187516391,875.4858541603246,-373.469020575371,53.28761877221307,125.30948360519761
233,1852.9298773398768,-1303.9781847970366,830.4552888207298,652.2382870940949,2783.8135886085565,5636.611278794254,946.668762610841,-247.73759611779272,33.61900818218323,99.06608113709203
234,1757.3188324929993,90.02138185305722,268.0862942928851,174.77508018515118,2782.463376363753,6525.319949529397,747.4685650545576,-277.9507850579324,23.69548708228502,90.2693010653087
235,1998.2016982638324,-120.47910659167871,470.60428260856406,303.89240132987993,2294.3902491746417,6057.854270038744,683.1649312623662,-305.36319672600837,23.453234103114887,92.47681716126624
236,1237.1531702638922,-837.3705464426248,254.84431114832748,-335.1073433775707,2368.959795022092,6087.144939486363,895.507907029149,-264.81547818085005,2.096095678092734,95.87640053330466
237,1449.4422527795768,124.76158829564002,298.01571039299967,274.18427336222317,1864.4844286931639,5997.456984129521,609.4291200612477,-264.19897606914947,9.149884003883912,204.973064822082
238,791.6079747377926,-447.7551644864982,-533.774894273295,795.5269808112166,1560.9010148151178,5902.022986107272,857.2232133907862,-299.54315641158666,-26.060569478444602,81.70175421470893
239,1042.8851395886436,-285.7646040221152,50.056172286947884,1083.5649748647315,2008.3045262754736,5402.055811060803,923.8217189711883,-267.9723508150313,-8.489497168517302,151.51762624488256
240,958.3443403088606,-90.10762233347384,-142.0309211555869,584.2443689163074,2095.2290340985346,6281.565276218134,745.2844769538174,-176.19469532855584,-32.25304701376343,116.8374367849774
241,793.9113730707843,-869.5778189924495,-202.66736193318167,1086.0194799567557,1955.1470364898041,6095.754476146194,584.6840266301122,-245.8673227996616,14.204343177378533,2.954239202950774
242,916.0083378380968,-691.3737096490872,-50.29972513090132,683.274764902834,2722.0587233051624,6367.264777042196,785.5049070079592,-197.2846039820649,4.950275939167177,-11.679847085976077
243,1790.7765666529504,309.0007610124156,818.6008231906728,302.60926822557053,2485.1418934683848,5629.978527723689,728.4014161491591,-96.66605836172252,-52.8119275642068,179.26581384131947
244,2215.885476300848,-37.7843793023232,741.4153922592949,493.3142736128252,2117.321370920843,5566.2632496145025,855.7325802239086,-209.03853115889214,-47.896030705071794,217.36033409799995
245,1472.6238259695651,-224.80815892660462,1013.648503475223,-149.77674075752918,1901.711024603028,5415.741227370571,1005.745589750359,-285.1458718184691,-37.50593827780394,214.29992232232775
246,1361.322474694517,778.0274460903759,709.865260162583,63.11006611388984,1630.5787077386126,4848.827177404465,1004.3253578629772,-258.5553506660126,-36.02432681390893,70.97618426766388
247,1938.1600734346262,1006.0790660124596,1089.0420830029898,121.44832456960205,1276.819554167479,5255.264987080199,657.4591670548127,-245.92150405469354,-33.15812308373334,73.37006624332983
248,1700.2827524108857,1413.2215544199946,917.6310380219636,-181.5170281573903,1446.3621850790914,6689.026858634461,659.9015062085005,-183.24096918498483,-19.644870511576716,166.30454551172625
249,1699.568445851471,247.6647117209787,906.861384432009,555.9350217837164,1737.1719613294304,6436.342215042267,856.5836895046522,-223.60091576294715,-17.112554050262048,197.11989259967746
250,1779.3985630877241,1255.8719947813145,839.1242325292583,204.711498923151,1839.6181300607327,6308.829988688892,759.7613240345121,-125.06274946746223,-24.110705534957198,196.26881111024377
251,1661.3173058662846,692.9772345100312,160.42762043623225,263.5297387705673,2317.9872363697887,5883.520357845061,782.0081579222043,-178.16746899678859,-20.35351492612459,193.92316918812415
252,1327.1317598104174,918.6659445099513,608.3708611435939,1205.6957153313303,2319.975885985507,6213.93655925521,584.1691387175104,-201.86528396890418,-9.363332655270717,262.47940264612623
253,1154.5962110500986,1869.2587004908075,233.31052631572487,554.9244978610536,2332.4375886177777,6621.479388557276,1187.3549810479183,-42.12847129402206,3.28186623540541,114.12217343066848
254,1584.4073083351218,1540.9502000985622,280.9617499560645,828.7862417344058,2207.451705403424,5885.800927678524,794.6953987654224,-178.54528702240302,-15.259473173688946,142.59755259135295
255,1381.3266903717408,1503.2819138389123,686.6708092284813,356.80026320860406,1091.7610045514618,5795.912923124204,391.79914116320055,-257.3631435785046,-22.875600170178423,296.44807142717264
256,1159.2119213835558,1160.5557031143537,1499.6219322552074,140.57174889757516,1283.8544989004035,6263.799630467448,497.64778321898973,-395.4981221815682,-4.5315275488358395,211.4501829260746
257,1350.1370468246296,1693.651377467096,1275.3012009755455,826.8131799316145,1222.487359048488,6056.108986548382,1183.1800957716052,-122.41383289151912,-31.578993655133647,56.4361501098654
258,2079.945026851739,2187.3159774872092,1476.9321406033962,-121.86174936348044,956.0901070337313,5813.048839657986,851.3229770343261,-105.73346856299598,8.325084913789638,262.3123367239523
259,1957.9527517224628,1678.9754903162132,1419.01892365472,44.949634406626274,1417.7336753732293,5944.659406826698,620.7963286272253,-249.48798611172694,-29.578897418067744,233.58201862898014
260,1362.0442034017424,1971.27481886994,449.4329693645657,492.48628151421053,1789.3569555754057,6104.313974548196,1049.346351468575,-190.01666466490752,-22.168735661834333,225.12509164342924
261,1610.9648145689403,1823.780865364836,765.3685132923151,222.07299516704518,1691.8900486971847,6904.288265834143,980.723555216262,-157.09755982789704,-8.66562959433451,218.36776890889143
262,1367.0663230503555,1927.7373484465018,1376.5417557267006,-847.83113946898,2274.1382031475523,5684.882394332719,1024.1891080934852,-193.8503717707371,-4.5896532552055405,146.2262308421589
263,1272.316974765431,1790.1973083121757,737.7423403834396,-709.9944359542507,1812.094277653855,6372.966022256675,659.5355344583871,-235.3205444471348,-13.606921807722408,37.168739959737934
264,1334.5667584397588,1760.3538536912783,1170.1615101197135,-302.5399606281836,1551.9235596263024,6866.7744614715275,867.1350517213772,-16.374107230056616,19.00052751946523,225.36012501849393
265,1338.011105804093,1338.570767633056,117.3764641653546,-436.72582873049146,1499.41621609998,7240.773190058918,1072.760934483893,-233.29486236831323,-1.0860980572785586,267.4632786695775
266,1511.919844800701,1676.1622445889157,540.2069187271632,-623.1508481634619,903.4778683707507,6986.597064067344,598.5589262410676,-320.4945528375432,-8.407311348482933,283.57774107732115
267,1365.9254245915254,1954.8005469974066,901.959915997907,-314.8025500033291,1550.5112505301558,5288.965707348856,844.9592984853379,-267.74484043996426,-12.529673911281716,136.4572393617854
268,1301.4602447137809,1773.537771001625,961.8579286759451,-948.0242397137552,978.7641889607019,5397.979912270511,665.3915921091628,-355.43488565205973,-27.97704179090456,289.1033102216962
269,6.407499659310545,1574.8354004617656,1505.423030182302,-510.80306399031184,464.67156615353633,6276.300436061683,1324.7157279707994,-229.92319988935745,8.669779994877526,-28.34716160910922
270,1541.1889057183616,1690.2865626156502,692.9989981462809,712.5553778589929,1883.5976275357511,6588.510509779885,794.7685669390597,-337.42470143766514,-12.339586481695356,295.9487224309531
271,1639.6800253247675,2193.6705796591996,857.923029378815,-707.3434736751296,1449.3196646849788,5871.525088910325,552.5834565945165,-172.09460240266836,-13.09488238430465,217.66472536517708
272,1503.3843419317523,1348.6168046085797,1110.1005681056279,-11.27285736022975,1550.0709654561247,5114.071821232156,864.2505852386819,-225.5896325431487,-27.726661066582423,299.3340148146733
273,1476.035802077764,-361.13253177597255,1044.8507580753362,-190.24830821734594,2924.5418161080866,4360.680714698657,1336.2104860960849,-121.2815037613691,20.930980919343845,33.456714699835075
274,1779.5054934391892,-368.808384428644,933.5402826315185,-409.55077836102345,2829.7756661176686,5079.442545983094,1404.8479122911915,-198.22671797450064,40.5076240311924,-41.01660465487399
275,1656.145132685605,-374.18996218264294,1077.575060221003,144.80504286183532,2160.766110091316,6020.089873343854,1251.0784060078272,-225.30889832233703,29.821302335248284,24.75766028111623
276,1410.3030515710375,-1617.916662425568,473.3181425400112,-571.9629692435028,796.0233189450216,6885.15793607696,1228.374922311046,-228.80503488213972,60.62020866610374,257.5900666221099
277,1393.8711824546708,-1798.11357276563,343.85026336310307,-17.491782125699956,1799.765697158573,6656.746359544654,1296.5561053155197,-230.03149023939758,24.773615362132674,10.53912448964968
278,1507.8460339941375,-1442.8102492026608,871.1858788722362,-306.8442653863125,2612.5642675847066,6556.297836644072,1096.019069775114,-179.07554562233278,6.070900488367165,-3.3251071343774967
279,1598.8621398557198,-604.1348953888296,683.4361541884346,-954.3828050815905,1553.8754885222147,6326.18828143246,1186.3710622342055,-181.43191652390433,14.79549310096833,6.799977910033153
280,1565.9453452607859,-420.92323951009325,754.705694046474,-879.5526818519157,1918.354824514166,5432.767301122043,1261.8067413547708,-209.5784830541498,16.760804443626938,32.01218472180012
281,1189.6990265956342,-333.4712675794647,767.9525311067086,-315.4812380243759,1771.156547866106,6001.280429585599,1287.3161136545796,-173.98937513935257,23.288099497752917,64.40397059497718
282,1931.5479378834393,365.65078904433966,802.5505238672934,622.4004184268233,2166.5195114248177,5523.324312702862,1223.9145205311133,-274.81982158157905,45.32544248145572,15.076806573930561
283,1614.6378221363875,1046.1470738354342,242.2782532920525,-844.6239235850419,975.0610556790314,5438.750211279188,1277.5720165354653,-225.09481058184235,46.683088290322694,57.05918175568478
284,1389.001223136811,-738.2936729562236,760.33089988921,37.35456432018532,2708.367793451745,5066.1913556060745,1280.0337526941112,-155.49873035962324,29.412873085592736,30.988966438833657
285,1374.0599993171709,-548.8927576482745,979.5237342223397,-395.62328532952614,2215.7453375331224,5908.85798932541,1393.4336402174924,-88.5771898615988,16.441351223855598,83.79962813589941
286,1188.380730044823,-1426.842166931653,913.4783039170759,-153.7174768351028,1865.9268368043017,6349.130183578399,1354.9297868705728,-283.5744813256574,40.08499132377157,1.8203517045787265
287,1678.584336415231,-680.5005587336975,720.7958284803283,-251.88570886035873,2169.0078688304843,5889.515495961031,1307.976890564713,-266.38354228703975,51.85063368015805,28.241021936980772
288,1417.0349956811933,-959.3674943999131,1050.7597665507265,-33.58644453709644,2480.5224606290503,5323.588838664959,1345.8893447001685,-283.8345028276084,35.95807730865665,30.0974283025378
289,1739.4015211950536,-1580.1208883617264,1312.2421257075694,-271.0980676154352,3866.953277234387,6515.863055005866,1280.7455408844453,-213.1828173743464,17.517782968810977,8.012813292935768
290,1640.8749829309977,-456.5673443873856,1178.063622040337,-108.31772167460218,2822.934800567061,4949.735881995465,1128.789298221351,-114.26466292716351,19.30568447445387,21.297576462723505
291,1537.7815367930639,-1753.4774013305926,777.0864769615939,290.14924290622434,4196.8188746229935,6629.456951444671,1340.8008707447395,-101.75051819570089,35.09345834652736,355.3657000807879
292,1769.1772225798386,-1783.6565486284717,1413.5394899212852,-136.1760101410789,3997.1526232932715,6577.037513436535,1245.6554969769757,-156.56381969113752,30.48706588571003,2.3076204268424476
293,1668.4888938016015,-1268.602582940318,1069.5050741845746,190.9997714600978,3356.1047980795943,4846.567623289619,1355.6331872161918,-201.84765646140818,42.93767419281675,11.458607152995661
294,2145.4350369303943,-1194.1051729970702,1202.4972100456343,1656.7800281229777,3915.3246260968667,6150.863187683965,1239.4526772995468,-357.7158715776801,63.12932621795468,88.56332593184965
295,1978.7779264503265,-891.9531903908348,1198.7650915270954,1248.9900695137005,3297.1131327944777,5973.395293829287,1259.4754078486988,-430.5129548547078,65.56135294343514,23.26912715324451
296,1928.7470099220122,198.16205336527662,1070.2227834816258,784.845835480711,3000.106294485282,6224.412147917366,1364.130290468882,-368.13983576666817,70.61765111532537,6.813243449608031
297,2086.0668804331335,889.5772419749492,726.4162134825741,291.4075567179692,2277.946515067232,7841.067094105826,1248.513687659652,-330.50325322653225,-14.426237129907548,30.962643170438525
298,1981.7055621844179,-43.240393621876194,1018.2232900419963,620.7965246716924,2560.772795975368,7345.608730941895,1163.2386742213712,-265.40651077922314,-18.507435345544643,27.665412910675514
299,1960.0311287604145,285.725436350659,1069.4275603555411,332.9991523485493,2425.219920356085,6134.313909264321,1345.512683826596,-275.5506062282659,49.57106797789492,32.84729856107721
300,1902.3714315558777,-1011.0509628431332,1659.4477793186873,115.30468440723007,2432.4320988999034,5437.136063630602,1338.8144123295526,-198.47612631012169,16.073198206448538,6.482877509191081
301,1514.813429197559,151.11229202210785,1590.6823006443904,84.06764137911102,2213.479686215024,6638.201904638179,1295.5348033613893,-400.6503014433438,2.9780143229686793,42.835253153655536
302,1488.8647824820496,-444.9183211491779,965.9185804950673,-447.05499843889737,2159.6167225251825,5594.34837394841,1378.3105918961137,-350.5620323404622,39.70139588211538,17.295251122135078
303,1906.018306736129,421.25553847231987,1197.7822689383024,453.3018157111827,2436.9970620123227,6333.255598114259,1438.473818347568,-343.30559917788844,47.71329237153969,29.14194532845609
304,1828.6380822656597,-668.8173785625409,508.9129107303938,630.6980082086243,1123.3550282400763,6564.789369545609,1274.6743622228487,-281.43460916317076,-15.095002529266253,130.90220275596408
305,1366.5537311295948,929.1835463176963,987.9197773691338,360.4779024205434,1172.6774959600261,6061.839922715967,1288.1790742724856,-212.7331948497439,-8.152435633570764,-54.920713154382234
306,1470.2323859049307,1331.77150030609,169.65233801557994,576.6001907488512,1976.0745010664946,5660.021000000669,1304.1533587916244,-261.7490633030575,-11.472478992972462,87.94854277020195
307,1297.9538248002773,1477.912245999227,179.1181458690627,2001.920289387215,3039.4570058348263,5902.311072515165,1719.8006420702352,-325.2596057132431,-16.23072431765887,47.51639024295299
308,1727.8515241727819,-390.56984388577314,455.03723397552847,1087.7705603086736,2741.6209946897266,5843.055584507593,1309.1164706518712,-361.11862783259517,-23.702376410685257,29.959670556966252
309,1212.8695558253403,-489.0266500056712,363.873022587596,1605.9672584821667,2169.1834743801105,5221.795088219191,1156.1295304190442,-293.5643024848025,-14.517494470700244,283.7760082134131
310,2023.7962365020949,-2085.4932730201685,-915.4415569623944,2474.1142763489197,4031.4343535361554,7159.020619361734,1296.0827264950856,-204.88633467782756,-18.806545195191116,54.04025119091609
311,1948.7981901029448,-2452.2508816296,-998.3654698053479,2375.9370571080817,4161.869368220741,7598.785292773289,1431.703859986248,-194.8998596763596,-16.750109527590084,28.482453071761498
312,1358.995643626556,760.014872903793,1666.841278440733,-528.7310194391,1592.771727454991,5836.972990875135,1284.6195409315408,-311.7356185216082,-17.09246238128113,56.55067806151582
313,1482.1327847556508,1041.0795740983592,650.4760967028013,113.50726590580541,1731.3021555968467,5906.69662917101,1425.1378230655694,-331.58828428797676,-33.32979624937899,6.893795394665691
314,1675.172540146798,1562.1046612669138,862.3753556957631,925.9657029502789,1958.150892972807,6219.967721471266,1276.0413281340468,-283.9803981381315,-25.124116570393028,146.54463225627129
315,1885.7199282493784,339.27280574459184,994.3201611031266,110.51267830304528,1451.9766396359162,5037.157728352783,1329.8007647242819,-252.6411289823192,-12.516936801238028,43.454589649804554
316,1684.6510214299487,515.4282165756622,459.4516015070379,-2.898673485744041,1996.0179428994957,3891.3367880909695,1220.9210501334778,-248.20814995446295,-31.14254908182789,119.27450114763542
317,1745.5870206691166,-134.33295752027317,527.0841074556816,292.7901382304599,1599.2856599221918,6766.690280255817,1305.0008324499947,-251.1697472221965,-32.128223435158226,89.57365488498192
318,1315.0682050845817,-1055.3184663589486,601.9723861436861,258.52974637652267,1352.8544045919061,5359.4353548437475,1415.7313507313984,-285.7215261381434,-10.92230631190916,71.39625964644114
319,1293.0629147693476,-889.2072834517276,728.0685911266985,-269.7955153471686,1202.6331988554518,6331.369177294663,2038.2758567122437,-281.10469119977256,-39.5081837481799,89.3928951718458
320,1423.7361776019866,-484.3594688844732,332.33587982720337,1209.8205956611155,1376.1041762980105,6036.416039580175,1247.688763513993,-247.09552647994715,-32.695428218903665,176.61146319175535
321,1708.032997900873,389.2621444774855,992.5356014537563,-170.06762866838085,1024.8492946687386,5687.116104053934,2128.836649397629,-259.4791020882951,-29.095405647790184,119.8856550243631
322,1614.188217851769,-126.11331690228724,236.268984118028,612.1689526114048,2012.0726248753658,5596.514969311437,1113.6607434260084,-237.01513523511414,-22.656073995458613,174.88362190099446
323,1706.253992494996,332.12625880925935,1004.487004013665,1179.8594407671792,2047.8795815751087,5392.968737036889,1325.0163393969553,-309.2645424993518,-32.324433193439006,246.3013138210813
324,1485.1678952307611,1696.6289630962813,587.6783398047698,674.9855238069347,1309.0837237430596,5942.979186597706,1373.506469781154,-292.9287940013959,-35.99278691199624,271.027261195594
325,1717.2408019612758,1910.3485707860243,816.5487899570187,612.1611566126203,2074.9613630681147,4461.131579491764,1249.0504553106866,-240.4095797311555,-3.0956620163898343,161.44009499605366
326,1702.149655439318,821.7972769118355,448.82414389325317,1035.7837214481428,2130.8586547449117,5655.244064151576,1178.3976995187247,-268.16167393262833,-6.5020824321091695,273.7812799247549
327,1653.16101103058,818.1682422829097,1301.3605712585756,256.30120939015944,1946.608692734164,6593.459792160014,1301.1372376658992,-281.5338704116016,-13.444084013093608,66.26836081912063
328,938.7453300385051,964.1136774696758,738.9913180489942,-241.92336022781697,1601.1258778820884,5866.040418120072,1239.9207629455195,-327.32858712973007,-57.48260135088197,55.362142042234474
329,1586.8814694075381,-528.4970315090186,764.9355582966534,-968.4709894328369,1066.30522592437,5780.368413975945,1387.22991437707,-219.69674613024972,-32.563635012051364,95.74112918430038
330,1638.444036126887,528.6197993377859,1109.5196724089749,-669.3751873010716,780.3590219777918,6058.116795145009,1318.4201610501775,-295.102342910454,-23.5584263647745,99.501051628706
331,1454.1427842471999,510.51128932853265,752.7898112320703,-496.8169304467453,1287.4948769532423,6109.1468633322065,1307.918836858172,-270.29692598212546,-10.085076407053444,113.84745340696244
332,1487.0534548677056,-406.71115273641044,1310.6236965842477,-24.016005597681215,593.0862637526648,4819.610342714716,1108.803289015245,-244.2085791502112,-2.0462645242728996,68.3414490693826
333,1674.3971770370558,-1022.199151571155,295.2314432243507,100.15646205002724,1628.9232577943576,6040.985756194718,1260.8859562040936,-267.5681845848843,-30.977927259640694,99.91199413664518
334,1166.7862535483946,-1231.1629426338448,982.7486253877482,-110.28133539291616,595.0516648263745,5966.5432047388895,1343.0606264473413,-290.3690065192079,-0.428333014231729,319.83085440676905
335,1337.4617778391075,-113.9287534665867,744.8565923334843,477.2905788345802,1290.4762798801125,6189.912731162779,1283.8762115760856,-257.91660799528995,30.09489314656446,259.0704287149059
336,1171.4297902895737,802.1614667841693,714.2638599315821,1132.734596818271,2135.8583821130555,5567.982091073318,1437.3399601719282,-225.3960199080563,43.92482399000384,50.09216886152168
337,1651.9834180294383,772.5321371883979,686.0395021620113,1558.0316020250666,2514.9922235142303,5816.395824344789,1306.611495956299,-140.20956607227035,33.38044943847127,17.335458940557047
338,1703.7624791897156,-627.2309943274572,674.459515351129,581.697118864925,1375.3120851571807,6012.535636468357,1260.2929175326262,-272.1004213525457,38.67331441833463,31.319362310740978
339,950.718339909942,1494.6762621648352,647.0616969472915,2872.5238693273704,2930.2552184887277,5154.38397125465,1301.3215769323556,-271.7305784716249,44.177072488267534,61.722777230079764
340,1259.038267925016,736.9449571244018,771.5025288800489,1632.7599064964636,2214.9930012767672,5319.037409293298,1274.6617114376597,-326.88746818503137,55.953147249911275,288.79985055400664
341,1596.5933328303427,96.43076861146938,900.3215273358567,1333.8231633736762,1855.5658231824755,6013.837578018064,1443.5925733788565,-271.9446175964541,23.62833041614558,281.18613121807107
342,1270.1396136496355,-561.2830282482961,735.6897491834479,357.1632374873034,1226.343462204431,5158.0015457935515,1285.4490084842123,-244.42129161782916,23.08066592578635,245.68899393260233
343,1508.9107298988242,-139.7431011797372,724.8658347130803,190.55346625469792,1418.3623588845378,5443.690317384546,1365.09047035605,-188.85602838035362,50.2755550664296,312.7069925719793
344,1770.2430246916151,89.46391846334507,721.514633541995,-325.59820567297004,1772.7488029250717,5187.0980365012765,1175.6596339797736,-128.67659272595807,31.61717338084538,271.72849787178245
345,1760.192434194124,248.22156554283487,738.5942639307415,767.0097164710521,2228.1984289084853,5318.622541073889,1232.262659626664,-127.18041735235516,10.504445271424878,298.92954718691766
346,1460.4816986824935,-660.9841544183239,560.2944924288918,1464.6187513544235,2781.8511176811726,5677.162386286265,1392.0311336706,-202.35762512094294,10.290164354672307,-7.8974667375574725
347,1354.3122338412595,68.1828751669857,498.4494256836475,522.1259501358772,2147.4789259214344,5682.448749570521,1317.311817024476,-244.36300217280515,23.603524887141255,36.792978485280635
348,1804.0187315730795,383.0905642049567,707.214576765057,1159.0192235734478,1844.0868329234736,5699.88833959386,1381.3385791504786,-244.98399957623815,20.459485767730065,56.60700753564078
349,922.8566040424912,928.350510960652,623.9761486052598,111.83423582042985,876.884404955337,5658.015429409535,1290.5533635519184,-398.72239130050343,34.327066042619606,18.525031282266916
350,1707.3946313294168,-618.5174832228558,915.0991296246025,-111.47697572516643,1506.9655398675482,6358.413848298562,1318.65586325372,-285.3983672920667,31.965135020700387,297.42609715224
351,1838.617274730254,-6.756836716679203,1054.409050868213,1069.339975314152,2473.50817355001,6420.924130662065,1352.2664819232095,-172.25418390188452,33.23605755541384,-19.560504569877352
352,1759.4939932478756,279.76400209261067,771.6238162072096,1713.2923476476751,2984.8137551953555,6470.138584308293,1162.4828169849902,-176.71948345958913,18.77241845282034,339.9290873389832
353,1895.5700831635145,43.63620157254417,1000.068267366695,1031.5021758942355,1539.2855081037792,6692.868978321022,1202.1271628284778,-127.51835373436407,8.827958686547973,264.0260726996006
354,1769.5917804478067,-78.45959309572623,770.6451249816018,-350.4132325959881,806.4942762512806,6774.127308118229,1297.754613891321,-124.49460074765622,12.77126483544307,225.68455186031744
355,1576.246942273117,358.78675257296567,668.4119522531821,-902.9931017049757,520.0261204957667,6579.036551394115,1368.091717100509,-225.95191161810058,26.735046065153476,38.595346782367194
356,1497.113280515698,207.7955324996173,596.7924960249956,204.93737131681576,1229.4680299738116,5807.424172498536,1349.649093511787,-158.04732905020586,19.59376540039125,320.7441464232492
357,1208.6852970320379,154.0915517425185,178.1985771951002,1725.9638347698099,2334.306874304671,6287.070895666934,1267.3367645303379,-159.11693592767722,32.79297574741195,40.1192457625105
358,1420.8224301650557,667.6032549181771,328.0425062062583,1397.6672276752333,2185.7415500679394,6080.801362555809,1241.227141974473,-88.89948108814107,37.2617912484285,239.91238256295907
359,1596.7624805660762,-309.8477513965919,466.3830833985696,720.3686127431231,1673.0372258161078,6238.094081536815,1353.9549477681715,-166.3710922635296,38.37487400591284,28.413713594598264
360,1372.2455398449742,518.0548940030496,109.76931965364008,2367.4034584291658,2413.2886621758885,6616.730982831247,1323.48799358893,-201.6636131750087,50.49185811738449,27.660918331344618
361,1119.4504589520184,72.39622698634543,44.98147786346234,2406.8794498431525,1627.2196644470705,5949.794975653421,1285.8088855620606,-270.6794461084894,73.82320955123413,24.43080708239161
362,585.2010039501869,-199.5098236527727,-177.78819047335017,2023.228200127381,1722.8730459830517,6242.094514572959,1287.8643062109877,-271.9217028812544,65.10555810522422,38.50199241698511
363,719.1171825854141,219.4798415687988,-439.3513306296842,2973.1811911368577,2253.0530292496364,6140.4222511069165,1434.6062232090144,-261.8156700824171,49.3898386151939,15.383891870361786
364,1249.2284666430078,-393.7824546796933,144.14011076187703,1704.5189230798794,1560.2223253319344,6074.9176077611655,1360.93921080141,-235.31791754737034,52.37266407464492,32.265093670729065
